Time,raw_INTAKE_PRESSURE,raw_RPM,raw_SPEED
0.000000000000000000e+00,nan,nan,0.000000000000000000e+00
1.000000000000000000e+00,1.020000000000000000e+02,7.980000000000000000e+02,nan
2.000000000000000000e+00,nan,nan,nan
3.000000000000000000e+00,nan,7.895000000000000000e+02,nan
4.000000000000000000e+00,nan,7.920000000000000000e+02,3.000000000000000000e+00
5.000000000000000000e+00,nan,nan,nan
6.000000000000000000e+00,nan,7.890000000000000000e+02,5.000000000000000000e+00
7.000000000000000000e+00,nan,nan,nan
8.000000000000000000e+00,nan,nan,7.000000000000000000e+00
9.000000000000000000e+00,1.030000000000000000e+02,7.990000000000000000e+02,nan
1.000000000000000000e+01,1.010000000000000000e+02,7.810000000000000000e+02,3.000000000000000000e+00
1.100000000000000000e+01,nan,nan,nan
1.200000000000000000e+01,nan,7.945000000000000000e+02,0.000000000000000000e+00
1.300000000000000000e+01,nan,nan,nan
1.400000000000000000e+01,nan,7.935000000000000000e+02,2.000000000000000000e+00
1.500000000000000000e+01,nan,nan,nan
1.600000000000000000e+01,nan,7.900000000000000000e+02,0.000000000000000000e+00
1.700000000000000000e+01,nan,nan,nan
1.800000000000000000e+01,1.040000000000000000e+02,8.305000000000000000e+02,4.000000000000000000e+00
1.900000000000000000e+01,nan,nan,nan
2.000000000000000000e+01,1.080000000000000000e+02,1.458500000000000000e+03,1.000000000000000000e+01
2.100000000000000000e+01,nan,nan,nan
2.200000000000000000e+01,1.060000000000000000e+02,9.090000000000000000e+02,nan
2.300000000000000000e+01,nan,nan,nan
2.400000000000000000e+01,1.270000000000000000e+02,1.808500000000000000e+03,1.200000000000000000e+01
2.500000000000000000e+01,nan,nan,1.900000000000000000e+01
2.600000000000000000e+01,1.200000000000000000e+02,2.405500000000000000e+03,nan
2.700000000000000000e+01,nan,nan,2.300000000000000000e+01
2.800000000000000000e+01,1.110000000000000000e+02,1.287000000000000000e+03,nan
2.900000000000000000e+01,nan,1.348500000000000000e+03,2.100000000000000000e+01
3.000000000000000000e+01,9.700000000000000000e+01,nan,nan
3.100000000000000000e+01,nan,1.139500000000000000e+03,1.700000000000000000e+01
3.200000000000000000e+01,nan,nan,nan
3.300000000000000000e+01,1.010000000000000000e+02,1.011000000000000000e+03,1.500000000000000000e+01
3.400000000000000000e+01,nan,nan,nan
3.500000000000000000e+01,1.020000000000000000e+02,7.960000000000000000e+02,1.400000000000000000e+01
3.600000000000000000e+01,nan,nan,nan
3.700000000000000000e+01,1.010000000000000000e+02,7.815000000000000000e+02,1.100000000000000000e+01
3.800000000000000000e+01,nan,nan,nan
3.900000000000000000e+01,nan,7.685000000000000000e+02,9.000000000000000000e+00
4.000000000000000000e+01,nan,nan,nan
4.100000000000000000e+01,nan,7.905000000000000000e+02,nan
4.200000000000000000e+01,nan,nan,nan
4.300000000000000000e+01,1.040000000000000000e+02,1.317000000000000000e+03,1.000000000000000000e+01
4.400000000000000000e+01,nan,nan,nan
4.500000000000000000e+01,1.240000000000000000e+02,1.618500000000000000e+03,nan
4.600000000000000000e+01,nan,nan,nan
4.700000000000000000e+01,1.130000000000000000e+02,1.403500000000000000e+03,1.100000000000000000e+01
4.800000000000000000e+01,nan,nan,nan
4.900000000000000000e+01,1.080000000000000000e+02,1.363000000000000000e+03,7.000000000000000000e+00
5.000000000000000000e+01,nan,nan,nan
5.100000000000000000e+01,1.050000000000000000e+02,1.095500000000000000e+03,5.000000000000000000e+00
5.200000000000000000e+01,nan,nan,nan
5.300000000000000000e+01,1.020000000000000000e+02,8.180000000000000000e+02,7.000000000000000000e+00
5.400000000000000000e+01,nan,nan,8.000000000000000000e+00
5.500000000000000000e+01,nan,8.045000000000000000e+02,nan
5.600000000000000000e+01,nan,nan,5.000000000000000000e+00
5.700000000000000000e+01,1.010000000000000000e+02,7.810000000000000000e+02,nan
5.800000000000000000e+01,nan,7.865000000000000000e+02,1.000000000000000000e+00
5.900000000000000000e+01,nan,nan,nan
6.000000000000000000e+01,nan,8.070000000000000000e+02,0.000000000000000000e+00
6.100000000000000000e+01,nan,nan,nan
6.200000000000000000e+01,1.020000000000000000e+02,7.860000000000000000e+02,nan
6.300000000000000000e+01,nan,nan,nan
6.400000000000000000e+01,1.030000000000000000e+02,1.048500000000000000e+03,5.000000000000000000e+00
6.500000000000000000e+01,nan,nan,nan
6.600000000000000000e+01,1.020000000000000000e+02,1.053500000000000000e+03,7.000000000000000000e+00
6.700000000000000000e+01,nan,nan,nan
6.800000000000000000e+01,1.080000000000000000e+02,1.461000000000000000e+03,9.000000000000000000e+00
6.900000000000000000e+01,nan,nan,nan
7.000000000000000000e+01,1.470000000000000000e+02,1.898500000000000000e+03,1.200000000000000000e+01
7.100000000000000000e+01,nan,nan,nan
7.200000000000000000e+01,1.380000000000000000e+02,2.071500000000000000e+03,1.600000000000000000e+01
7.300000000000000000e+01,nan,nan,1.200000000000000000e+01
7.400000000000000000e+01,1.150000000000000000e+02,1.100000000000000000e+03,nan
7.500000000000000000e+01,nan,7.755000000000000000e+02,8.000000000000000000e+00
7.600000000000000000e+01,1.030000000000000000e+02,nan,nan
7.700000000000000000e+01,nan,7.835000000000000000e+02,0.000000000000000000e+00
7.800000000000000000e+01,1.010000000000000000e+02,nan,nan
7.900000000000000000e+01,nan,0.000000000000000000e+00,nan
8.000000000000000000e+01,nan,nan,nan
8.100000000000000000e+01,nan,nan,nan
8.200000000000000000e+01,nan,nan,nan
8.300000000000000000e+01,nan,nan,nan
8.400000000000000000e+01,nan,nan,nan
8.500000000000000000e+01,nan,nan,nan
8.600000000000000000e+01,nan,nan,nan
8.700000000000000000e+01,nan,nan,nan
8.800000000000000000e+01,nan,nan,nan
8.900000000000000000e+01,nan,nan,nan
9.000000000000000000e+01,nan,nan,nan
9.100000000000000000e+01,nan,nan,nan
9.200000000000000000e+01,nan,nan,nan
9.300000000000000000e+01,nan,nan,nan
9.400000000000000000e+01,nan,nan,nan
9.500000000000000000e+01,nan,3.285000000000000000e+02,nan
9.600000000000000000e+01,nan,nan,nan
9.700000000000000000e+01,nan,8.085000000000000000e+02,3.000000000000000000e+00
9.800000000000000000e+01,nan,nan,8.000000000000000000e+00
9.900000000000000000e+01,1.020000000000000000e+02,1.140500000000000000e+03,nan
1.000000000000000000e+02,nan,nan,nan
1.010000000000000000e+02,nan,7.735000000000000000e+02,nan
1.020000000000000000e+02,1.030000000000000000e+02,1.286500000000000000e+03,7.000000000000000000e+00
1.030000000000000000e+02,nan,nan,nan
1.040000000000000000e+02,1.210000000000000000e+02,1.935500000000000000e+03,1.400000000000000000e+01
1.050000000000000000e+02,nan,nan,nan
1.060000000000000000e+02,1.190000000000000000e+02,2.392000000000000000e+03,2.000000000000000000e+01
1.070000000000000000e+02,nan,nan,nan
1.080000000000000000e+02,1.220000000000000000e+02,1.638500000000000000e+03,1.800000000000000000e+01
1.090000000000000000e+02,nan,nan,nan
1.100000000000000000e+02,nan,1.983500000000000000e+03,1.500000000000000000e+01
1.110000000000000000e+02,1.070000000000000000e+02,nan,nan
1.120000000000000000e+02,1.100000000000000000e+02,2.257500000000000000e+03,1.800000000000000000e+01
1.130000000000000000e+02,nan,nan,nan
1.140000000000000000e+02,1.080000000000000000e+02,1.014000000000000000e+03,1.900000000000000000e+01
1.150000000000000000e+02,nan,nan,nan
1.160000000000000000e+02,1.030000000000000000e+02,1.265000000000000000e+03,1.800000000000000000e+01
1.170000000000000000e+02,nan,nan,nan
1.180000000000000000e+02,nan,1.271500000000000000e+03,1.900000000000000000e+01
1.190000000000000000e+02,nan,nan,nan
1.200000000000000000e+02,1.050000000000000000e+02,1.465500000000000000e+03,2.100000000000000000e+01
1.210000000000000000e+02,nan,nan,nan
1.220000000000000000e+02,nan,1.596000000000000000e+03,2.400000000000000000e+01
1.230000000000000000e+02,nan,nan,nan
1.240000000000000000e+02,1.030000000000000000e+02,1.562500000000000000e+03,2.300000000000000000e+01
1.250000000000000000e+02,nan,nan,2.200000000000000000e+01
1.260000000000000000e+02,1.090000000000000000e+02,1.444000000000000000e+03,nan
1.270000000000000000e+02,nan,nan,2.000000000000000000e+01
1.280000000000000000e+02,1.020000000000000000e+02,1.323500000000000000e+03,nan
1.290000000000000000e+02,nan,1.342000000000000000e+03,nan
1.300000000000000000e+02,1.030000000000000000e+02,nan,nan
1.310000000000000000e+02,1.620000000000000000e+02,1.883000000000000000e+03,2.700000000000000000e+01
1.320000000000000000e+02,nan,nan,nan
1.330000000000000000e+02,1.580000000000000000e+02,2.444500000000000000e+03,3.600000000000000000e+01
1.340000000000000000e+02,nan,nan,nan
1.350000000000000000e+02,1.150000000000000000e+02,1.929500000000000000e+03,4.000000000000000000e+01
1.360000000000000000e+02,nan,nan,nan
1.370000000000000000e+02,1.160000000000000000e+02,1.672500000000000000e+03,3.900000000000000000e+01
1.380000000000000000e+02,nan,nan,nan
1.390000000000000000e+02,9.000000000000000000e+01,2.263000000000000000e+03,3.400000000000000000e+01
1.400000000000000000e+02,nan,nan,nan
1.410000000000000000e+02,9.100000000000000000e+01,1.966500000000000000e+03,3.000000000000000000e+01
1.420000000000000000e+02,nan,nan,nan
1.430000000000000000e+02,9.400000000000000000e+01,1.700500000000000000e+03,2.600000000000000000e+01
1.440000000000000000e+02,nan,nan,nan
1.450000000000000000e+02,1.020000000000000000e+02,1.453500000000000000e+03,2.200000000000000000e+01
1.460000000000000000e+02,nan,nan,nan
1.470000000000000000e+02,1.210000000000000000e+02,1.695500000000000000e+03,2.500000000000000000e+01
1.480000000000000000e+02,nan,nan,nan
1.490000000000000000e+02,1.470000000000000000e+02,2.232500000000000000e+03,3.300000000000000000e+01
1.500000000000000000e+02,nan,nan,3.500000000000000000e+01
1.510000000000000000e+02,1.230000000000000000e+02,2.323500000000000000e+03,nan
1.520000000000000000e+02,nan,nan,3.100000000000000000e+01
1.530000000000000000e+02,9.100000000000000000e+01,2.016500000000000000e+03,nan
1.540000000000000000e+02,1.050000000000000000e+02,1.791000000000000000e+03,2.700000000000000000e+01
1.550000000000000000e+02,nan,nan,nan
1.560000000000000000e+02,1.110000000000000000e+02,1.910000000000000000e+03,2.900000000000000000e+01
1.570000000000000000e+02,nan,nan,nan
1.580000000000000000e+02,1.330000000000000000e+02,2.310000000000000000e+03,3.400000000000000000e+01
1.590000000000000000e+02,nan,nan,nan
1.600000000000000000e+02,1.210000000000000000e+02,1.876500000000000000e+03,3.900000000000000000e+01
1.610000000000000000e+02,nan,nan,nan
1.620000000000000000e+02,1.040000000000000000e+02,1.709500000000000000e+03,4.000000000000000000e+01
1.630000000000000000e+02,nan,nan,nan
1.640000000000000000e+02,nan,1.274000000000000000e+03,3.900000000000000000e+01
1.650000000000000000e+02,nan,nan,nan
1.660000000000000000e+02,1.030000000000000000e+02,1.209500000000000000e+03,3.800000000000000000e+01
1.670000000000000000e+02,nan,nan,3.600000000000000000e+01
1.680000000000000000e+02,nan,1.131000000000000000e+03,nan
1.690000000000000000e+02,nan,nan,3.500000000000000000e+01
1.700000000000000000e+02,nan,1.159500000000000000e+03,nan
1.710000000000000000e+02,nan,nan,nan
1.720000000000000000e+02,1.090000000000000000e+02,1.248500000000000000e+03,3.900000000000000000e+01
1.730000000000000000e+02,nan,nan,4.000000000000000000e+01
1.740000000000000000e+02,1.020000000000000000e+02,1.277500000000000000e+03,nan
1.750000000000000000e+02,nan,nan,3.700000000000000000e+01
1.760000000000000000e+02,9.900000000000000000e+01,1.590000000000000000e+03,nan
1.770000000000000000e+02,9.500000000000000000e+01,1.425500000000000000e+03,3.300000000000000000e+01
1.780000000000000000e+02,nan,nan,nan
1.790000000000000000e+02,9.600000000000000000e+01,1.254500000000000000e+03,2.900000000000000000e+01
1.800000000000000000e+02,nan,nan,nan
1.810000000000000000e+02,nan,1.159500000000000000e+03,2.700000000000000000e+01
1.820000000000000000e+02,nan,nan,nan
1.830000000000000000e+02,9.700000000000000000e+01,1.047000000000000000e+03,2.400000000000000000e+01
1.840000000000000000e+02,nan,nan,nan
1.850000000000000000e+02,1.020000000000000000e+02,1.318500000000000000e+03,2.200000000000000000e+01
1.860000000000000000e+02,nan,nan,nan
1.870000000000000000e+02,1.740000000000000000e+02,1.474000000000000000e+03,3.100000000000000000e+01
1.880000000000000000e+02,nan,nan,nan
1.890000000000000000e+02,1.880000000000000000e+02,1.902500000000000000e+03,4.300000000000000000e+01
1.900000000000000000e+02,nan,nan,5.100000000000000000e+01
1.910000000000000000e+02,1.660000000000000000e+02,2.217500000000000000e+03,nan
1.920000000000000000e+02,nan,nan,5.400000000000000000e+01
1.930000000000000000e+02,1.150000000000000000e+02,1.732000000000000000e+03,nan
1.940000000000000000e+02,nan,1.691000000000000000e+03,5.300000000000000000e+01
1.950000000000000000e+02,1.240000000000000000e+02,nan,nan
1.960000000000000000e+02,1.200000000000000000e+02,1.600500000000000000e+03,5.000000000000000000e+01
1.970000000000000000e+02,nan,nan,nan
1.980000000000000000e+02,1.150000000000000000e+02,1.514000000000000000e+03,4.700000000000000000e+01
1.990000000000000000e+02,nan,nan,nan
2.000000000000000000e+02,1.120000000000000000e+02,1.445000000000000000e+03,4.500000000000000000e+01
2.010000000000000000e+02,nan,nan,nan
2.020000000000000000e+02,1.070000000000000000e+02,1.463000000000000000e+03,nan
2.030000000000000000e+02,nan,nan,nan
2.040000000000000000e+02,1.050000000000000000e+02,1.516500000000000000e+03,4.700000000000000000e+01
2.050000000000000000e+02,nan,nan,nan
2.060000000000000000e+02,1.090000000000000000e+02,1.592000000000000000e+03,4.900000000000000000e+01
2.070000000000000000e+02,nan,nan,nan
2.080000000000000000e+02,nan,1.606000000000000000e+03,5.000000000000000000e+01
2.090000000000000000e+02,nan,nan,nan
2.100000000000000000e+02,1.120000000000000000e+02,1.523500000000000000e+03,4.800000000000000000e+01
2.110000000000000000e+02,nan,nan,4.600000000000000000e+01
2.120000000000000000e+02,1.100000000000000000e+02,1.505500000000000000e+03,nan
2.130000000000000000e+02,nan,nan,nan
2.140000000000000000e+02,1.090000000000000000e+02,1.464500000000000000e+03,nan
2.150000000000000000e+02,nan,nan,4.400000000000000000e+01
2.160000000000000000e+02,nan,1.407500000000000000e+03,nan
2.170000000000000000e+02,nan,1.371000000000000000e+03,4.200000000000000000e+01
2.180000000000000000e+02,nan,nan,nan
2.190000000000000000e+02,1.040000000000000000e+02,1.387500000000000000e+03,4.300000000000000000e+01
2.200000000000000000e+02,nan,nan,nan
2.210000000000000000e+02,1.080000000000000000e+02,1.365500000000000000e+03,4.200000000000000000e+01
2.220000000000000000e+02,nan,nan,nan
2.230000000000000000e+02,1.060000000000000000e+02,1.428500000000000000e+03,4.400000000000000000e+01
2.240000000000000000e+02,nan,nan,nan
2.250000000000000000e+02,1.040000000000000000e+02,1.448000000000000000e+03,4.500000000000000000e+01
2.260000000000000000e+02,nan,nan,nan
2.270000000000000000e+02,1.150000000000000000e+02,1.529000000000000000e+03,4.700000000000000000e+01
2.280000000000000000e+02,nan,nan,nan
2.290000000000000000e+02,1.110000000000000000e+02,1.595000000000000000e+03,4.900000000000000000e+01
2.300000000000000000e+02,nan,nan,nan
2.310000000000000000e+02,1.150000000000000000e+02,1.670500000000000000e+03,5.200000000000000000e+01
2.320000000000000000e+02,nan,nan,nan
2.330000000000000000e+02,1.100000000000000000e+02,1.690000000000000000e+03,nan
2.340000000000000000e+02,nan,nan,nan
2.350000000000000000e+02,1.110000000000000000e+02,1.708500000000000000e+03,5.300000000000000000e+01
2.360000000000000000e+02,nan,nan,5.400000000000000000e+01
2.370000000000000000e+02,1.210000000000000000e+02,1.753500000000000000e+03,nan
2.380000000000000000e+02,nan,nan,nan
2.390000000000000000e+02,1.110000000000000000e+02,1.745000000000000000e+03,nan
2.400000000000000000e+02,nan,1.638000000000000000e+03,5.100000000000000000e+01
2.410000000000000000e+02,1.130000000000000000e+02,nan,nan
2.420000000000000000e+02,1.110000000000000000e+02,1.481500000000000000e+03,4.600000000000000000e+01
2.430000000000000000e+02,nan,nan,nan
2.440000000000000000e+02,1.060000000000000000e+02,1.431500000000000000e+03,4.500000000000000000e+01
2.450000000000000000e+02,nan,nan,nan
2.460000000000000000e+02,1.160000000000000000e+02,1.375500000000000000e+03,4.200000000000000000e+01
2.470000000000000000e+02,nan,nan,nan
2.480000000000000000e+02,1.090000000000000000e+02,1.308500000000000000e+03,4.100000000000000000e+01
2.490000000000000000e+02,nan,nan,nan
2.500000000000000000e+02,nan,1.194000000000000000e+03,3.600000000000000000e+01
2.510000000000000000e+02,nan,nan,nan
2.520000000000000000e+02,1.060000000000000000e+02,1.186000000000000000e+03,3.700000000000000000e+01
2.530000000000000000e+02,nan,nan,nan
2.540000000000000000e+02,1.050000000000000000e+02,1.216000000000000000e+03,nan
2.550000000000000000e+02,nan,nan,3.600000000000000000e+01
2.560000000000000000e+02,1.160000000000000000e+02,1.159500000000000000e+03,nan
2.570000000000000000e+02,nan,1.329000000000000000e+03,4.100000000000000000e+01
2.580000000000000000e+02,1.560000000000000000e+02,nan,nan
2.590000000000000000e+02,1.270000000000000000e+02,1.456500000000000000e+03,4.500000000000000000e+01
2.600000000000000000e+02,nan,nan,nan
2.610000000000000000e+02,nan,1.542000000000000000e+03,4.800000000000000000e+01
2.620000000000000000e+02,1.240000000000000000e+02,nan,nan
2.630000000000000000e+02,1.250000000000000000e+02,1.636000000000000000e+03,5.100000000000000000e+01
2.640000000000000000e+02,nan,nan,nan
2.650000000000000000e+02,nan,1.662000000000000000e+03,5.200000000000000000e+01
2.660000000000000000e+02,1.090000000000000000e+02,nan,nan
2.670000000000000000e+02,1.130000000000000000e+02,1.576500000000000000e+03,4.900000000000000000e+01
2.680000000000000000e+02,nan,nan,nan
2.690000000000000000e+02,1.120000000000000000e+02,1.475000000000000000e+03,4.600000000000000000e+01
2.700000000000000000e+02,nan,nan,nan
2.710000000000000000e+02,1.100000000000000000e+02,1.381500000000000000e+03,4.300000000000000000e+01
2.720000000000000000e+02,nan,nan,nan
2.730000000000000000e+02,1.090000000000000000e+02,1.295000000000000000e+03,4.000000000000000000e+01
2.740000000000000000e+02,nan,nan,nan
2.750000000000000000e+02,1.080000000000000000e+02,1.217000000000000000e+03,3.800000000000000000e+01
2.760000000000000000e+02,nan,nan,nan
2.770000000000000000e+02,1.070000000000000000e+02,1.142500000000000000e+03,3.600000000000000000e+01
2.780000000000000000e+02,nan,nan,nan
2.790000000000000000e+02,1.060000000000000000e+02,1.107000000000000000e+03,3.400000000000000000e+01
2.800000000000000000e+02,nan,nan,3.300000000000000000e+01
2.810000000000000000e+02,nan,1.070000000000000000e+03,nan
2.820000000000000000e+02,nan,nan,3.100000000000000000e+01
2.830000000000000000e+02,1.070000000000000000e+02,1.328500000000000000e+03,nan
2.840000000000000000e+02,nan,1.308000000000000000e+03,3.000000000000000000e+01
2.850000000000000000e+02,1.060000000000000000e+02,nan,nan
2.860000000000000000e+02,1.460000000000000000e+02,1.596500000000000000e+03,3.600000000000000000e+01
2.870000000000000000e+02,nan,nan,nan
2.880000000000000000e+02,1.380000000000000000e+02,1.936000000000000000e+03,4.400000000000000000e+01
2.890000000000000000e+02,nan,nan,nan
2.900000000000000000e+02,1.180000000000000000e+02,2.004000000000000000e+03,4.600000000000000000e+01
2.910000000000000000e+02,nan,nan,nan
2.920000000000000000e+02,nan,2.002500000000000000e+03,nan
2.930000000000000000e+02,nan,nan,nan
2.940000000000000000e+02,1.170000000000000000e+02,1.894000000000000000e+03,4.400000000000000000e+01
2.950000000000000000e+02,nan,nan,nan
2.960000000000000000e+02,1.140000000000000000e+02,1.657500000000000000e+03,3.900000000000000000e+01
2.970000000000000000e+02,nan,nan,nan
2.980000000000000000e+02,1.110000000000000000e+02,1.514000000000000000e+03,3.500000000000000000e+01
2.990000000000000000e+02,nan,nan,nan
3.000000000000000000e+02,2.160000000000000000e+02,1.805000000000000000e+03,4.000000000000000000e+01
3.010000000000000000e+02,nan,nan,5.400000000000000000e+01
3.020000000000000000e+02,2.390000000000000000e+02,2.334000000000000000e+03,nan
3.030000000000000000e+02,nan,nan,6.100000000000000000e+01
3.040000000000000000e+02,1.480000000000000000e+02,2.250000000000000000e+03,nan
3.050000000000000000e+02,nan,2.091000000000000000e+03,6.500000000000000000e+01
3.060000000000000000e+02,1.590000000000000000e+02,nan,nan
3.070000000000000000e+02,1.440000000000000000e+02,2.189500000000000000e+03,6.800000000000000000e+01
3.080000000000000000e+02,nan,nan,nan
3.090000000000000000e+02,1.190000000000000000e+02,2.180500000000000000e+03,nan
3.100000000000000000e+02,nan,nan,nan
3.110000000000000000e+02,1.320000000000000000e+02,2.134500000000000000e+03,6.600000000000000000e+01
3.120000000000000000e+02,nan,nan,nan
3.130000000000000000e+02,1.060000000000000000e+02,nan,6.700000000000000000e+01
3.140000000000000000e+02,nan,nan,nan
3.150000000000000000e+02,1.130000000000000000e+02,2.099000000000000000e+03,6.600000000000000000e+01
3.160000000000000000e+02,nan,nan,nan
3.170000000000000000e+02,nan,2.089000000000000000e+03,6.500000000000000000e+01
3.180000000000000000e+02,nan,nan,nan
3.190000000000000000e+02,1.170000000000000000e+02,2.100500000000000000e+03,nan
3.200000000000000000e+02,nan,nan,nan
3.210000000000000000e+02,1.140000000000000000e+02,2.097500000000000000e+03,nan
3.220000000000000000e+02,nan,nan,nan
3.230000000000000000e+02,1.280000000000000000e+02,2.139000000000000000e+03,6.600000000000000000e+01
3.240000000000000000e+02,nan,nan,6.700000000000000000e+01
3.250000000000000000e+02,1.180000000000000000e+02,2.165000000000000000e+03,nan
3.260000000000000000e+02,nan,nan,6.900000000000000000e+01
3.270000000000000000e+02,1.430000000000000000e+02,2.229000000000000000e+03,nan
3.280000000000000000e+02,nan,2.376500000000000000e+03,7.300000000000000000e+01
3.290000000000000000e+02,2.000000000000000000e+02,nan,nan
3.300000000000000000e+02,nan,2.466500000000000000e+03,7.700000000000000000e+01
3.310000000000000000e+02,1.490000000000000000e+02,nan,nan
3.320000000000000000e+02,1.200000000000000000e+02,1.791500000000000000e+03,7.600000000000000000e+01
3.330000000000000000e+02,nan,nan,nan
3.340000000000000000e+02,1.170000000000000000e+02,1.698000000000000000e+03,7.200000000000000000e+01
3.350000000000000000e+02,nan,nan,nan
3.360000000000000000e+02,1.150000000000000000e+02,1.625500000000000000e+03,6.900000000000000000e+01
3.370000000000000000e+02,nan,nan,nan
3.380000000000000000e+02,1.180000000000000000e+02,2.100000000000000000e+03,6.600000000000000000e+01
3.390000000000000000e+02,nan,nan,nan
3.400000000000000000e+02,1.190000000000000000e+02,1.987500000000000000e+03,6.200000000000000000e+01
3.410000000000000000e+02,nan,nan,nan
3.420000000000000000e+02,1.130000000000000000e+02,1.964000000000000000e+03,6.100000000000000000e+01
3.430000000000000000e+02,nan,nan,nan
3.440000000000000000e+02,1.150000000000000000e+02,1.901500000000000000e+03,5.900000000000000000e+01
3.450000000000000000e+02,nan,nan,nan
3.460000000000000000e+02,1.160000000000000000e+02,1.854500000000000000e+03,5.800000000000000000e+01
3.470000000000000000e+02,nan,nan,5.700000000000000000e+01
3.480000000000000000e+02,1.170000000000000000e+02,1.846500000000000000e+03,nan
3.490000000000000000e+02,nan,1.878000000000000000e+03,5.800000000000000000e+01
3.500000000000000000e+02,1.180000000000000000e+02,nan,nan
3.510000000000000000e+02,nan,nan,nan
3.520000000000000000e+02,1.170000000000000000e+02,1.866500000000000000e+03,nan
3.530000000000000000e+02,nan,1.920500000000000000e+03,6.000000000000000000e+01
3.540000000000000000e+02,1.530000000000000000e+02,nan,nan
3.550000000000000000e+02,nan,2.116000000000000000e+03,6.500000000000000000e+01
3.560000000000000000e+02,2.180000000000000000e+02,nan,nan
3.570000000000000000e+02,2.550000000000000000e+02,2.378000000000000000e+03,7.300000000000000000e+01
3.580000000000000000e+02,nan,nan,nan
3.590000000000000000e+02,1.790000000000000000e+02,1.931500000000000000e+03,8.000000000000000000e+01
3.600000000000000000e+02,nan,nan,nan
3.610000000000000000e+02,1.220000000000000000e+02,1.916500000000000000e+03,8.100000000000000000e+01
3.620000000000000000e+02,nan,nan,nan
3.630000000000000000e+02,1.090000000000000000e+02,1.488000000000000000e+03,nan
3.640000000000000000e+02,nan,nan,nan
3.650000000000000000e+02,1.160000000000000000e+02,1.481000000000000000e+03,7.900000000000000000e+01
3.660000000000000000e+02,nan,nan,nan
3.670000000000000000e+02,1.100000000000000000e+02,nan,8.000000000000000000e+01
3.680000000000000000e+02,nan,nan,nan
3.690000000000000000e+02,1.120000000000000000e+02,1.480500000000000000e+03,7.900000000000000000e+01
3.700000000000000000e+02,nan,nan,nan
3.710000000000000000e+02,1.130000000000000000e+02,1.477000000000000000e+03,nan
3.720000000000000000e+02,nan,1.472000000000000000e+03,nan
3.730000000000000000e+02,1.260000000000000000e+02,nan,nan
3.740000000000000000e+02,1.350000000000000000e+02,1.475000000000000000e+03,nan
3.750000000000000000e+02,nan,nan,nan
3.760000000000000000e+02,1.360000000000000000e+02,1.475500000000000000e+03,nan
3.770000000000000000e+02,nan,nan,nan
3.780000000000000000e+02,1.370000000000000000e+02,1.476500000000000000e+03,nan
3.790000000000000000e+02,nan,nan,nan
3.800000000000000000e+02,1.350000000000000000e+02,1.482000000000000000e+03,nan
3.810000000000000000e+02,nan,nan,nan
3.820000000000000000e+02,1.290000000000000000e+02,1.484000000000000000e+03,8.000000000000000000e+01
3.830000000000000000e+02,nan,nan,nan
3.840000000000000000e+02,1.190000000000000000e+02,1.488500000000000000e+03,nan
3.850000000000000000e+02,nan,nan,nan
3.860000000000000000e+02,1.110000000000000000e+02,1.487000000000000000e+03,nan
3.870000000000000000e+02,nan,nan,nan
3.880000000000000000e+02,nan,1.480000000000000000e+03,nan
3.890000000000000000e+02,nan,nan,nan
3.900000000000000000e+02,1.150000000000000000e+02,1.479500000000000000e+03,7.900000000000000000e+01
3.910000000000000000e+02,nan,nan,nan
3.920000000000000000e+02,1.100000000000000000e+02,1.486500000000000000e+03,8.000000000000000000e+01
3.930000000000000000e+02,nan,nan,nan
3.940000000000000000e+02,1.070000000000000000e+02,1.485500000000000000e+03,nan
3.950000000000000000e+02,nan,1.482000000000000000e+03,7.900000000000000000e+01
3.960000000000000000e+02,nan,nan,nan
3.970000000000000000e+02,nan,1.481000000000000000e+03,8.000000000000000000e+01
3.980000000000000000e+02,nan,nan,nan
3.990000000000000000e+02,1.090000000000000000e+02,1.482000000000000000e+03,7.900000000000000000e+01
4.000000000000000000e+02,nan,nan,nan
4.010000000000000000e+02,nan,1.480500000000000000e+03,nan
4.020000000000000000e+02,nan,nan,nan
4.030000000000000000e+02,nan,nan,nan
4.040000000000000000e+02,nan,nan,nan
4.050000000000000000e+02,1.110000000000000000e+02,1.475500000000000000e+03,nan
4.060000000000000000e+02,nan,nan,nan
4.070000000000000000e+02,1.100000000000000000e+02,1.481000000000000000e+03,8.000000000000000000e+01
4.080000000000000000e+02,nan,nan,nan
4.090000000000000000e+02,1.120000000000000000e+02,1.477000000000000000e+03,7.900000000000000000e+01
4.100000000000000000e+02,nan,nan,nan
4.110000000000000000e+02,nan,1.478500000000000000e+03,nan
4.120000000000000000e+02,nan,nan,nan
4.130000000000000000e+02,1.140000000000000000e+02,1.479500000000000000e+03,nan
4.140000000000000000e+02,nan,nan,8.000000000000000000e+01
4.150000000000000000e+02,1.130000000000000000e+02,1.482500000000000000e+03,nan
4.160000000000000000e+02,nan,1.483000000000000000e+03,nan
4.170000000000000000e+02,1.110000000000000000e+02,nan,nan
4.180000000000000000e+02,1.080000000000000000e+02,1.482500000000000000e+03,nan
4.190000000000000000e+02,nan,nan,nan
4.200000000000000000e+02,1.070000000000000000e+02,1.481500000000000000e+03,nan
4.210000000000000000e+02,nan,nan,nan
4.220000000000000000e+02,1.100000000000000000e+02,1.480500000000000000e+03,7.900000000000000000e+01
4.230000000000000000e+02,nan,nan,nan
4.240000000000000000e+02,1.150000000000000000e+02,1.476000000000000000e+03,nan
4.250000000000000000e+02,nan,nan,nan
4.260000000000000000e+02,1.110000000000000000e+02,1.481500000000000000e+03,8.000000000000000000e+01
4.270000000000000000e+02,nan,nan,nan
4.280000000000000000e+02,nan,1.478500000000000000e+03,7.900000000000000000e+01
4.290000000000000000e+02,nan,nan,nan
4.300000000000000000e+02,1.120000000000000000e+02,1.481000000000000000e+03,8.000000000000000000e+01
4.310000000000000000e+02,nan,nan,nan
4.320000000000000000e+02,1.100000000000000000e+02,1.481500000000000000e+03,7.900000000000000000e+01
4.330000000000000000e+02,nan,nan,nan
4.340000000000000000e+02,1.120000000000000000e+02,1.480000000000000000e+03,nan
4.350000000000000000e+02,nan,nan,nan
4.360000000000000000e+02,1.100000000000000000e+02,1.480500000000000000e+03,nan
4.370000000000000000e+02,nan,nan,nan
4.380000000000000000e+02,nan,nan,nan
4.390000000000000000e+02,nan,1.480000000000000000e+03,8.000000000000000000e+01
4.400000000000000000e+02,nan,nan,nan
4.410000000000000000e+02,nan,1.481000000000000000e+03,7.900000000000000000e+01
4.420000000000000000e+02,1.110000000000000000e+02,nan,nan
4.430000000000000000e+02,1.180000000000000000e+02,1.875000000000000000e+03,nan
4.440000000000000000e+02,nan,nan,nan
4.450000000000000000e+02,1.100000000000000000e+02,1.864000000000000000e+03,nan
4.460000000000000000e+02,nan,nan,nan
4.470000000000000000e+02,1.140000000000000000e+02,1.818000000000000000e+03,7.700000000000000000e+01
4.480000000000000000e+02,nan,nan,nan
4.490000000000000000e+02,1.210000000000000000e+02,1.802000000000000000e+03,7.600000000000000000e+01
4.500000000000000000e+02,nan,nan,nan
4.510000000000000000e+02,1.150000000000000000e+02,1.809000000000000000e+03,7.700000000000000000e+01
4.520000000000000000e+02,nan,nan,nan
4.530000000000000000e+02,1.130000000000000000e+02,1.819000000000000000e+03,nan
4.540000000000000000e+02,nan,nan,nan
4.550000000000000000e+02,1.190000000000000000e+02,1.779500000000000000e+03,7.500000000000000000e+01
4.560000000000000000e+02,nan,nan,nan
4.570000000000000000e+02,1.170000000000000000e+02,1.741500000000000000e+03,7.400000000000000000e+01
4.580000000000000000e+02,nan,nan,nan
4.590000000000000000e+02,1.750000000000000000e+02,1.791500000000000000e+03,7.600000000000000000e+01
4.600000000000000000e+02,nan,nan,7.900000000000000000e+01
4.610000000000000000e+02,1.490000000000000000e+02,1.877500000000000000e+03,nan
4.620000000000000000e+02,nan,1.921500000000000000e+03,8.100000000000000000e+01
4.630000000000000000e+02,1.440000000000000000e+02,nan,nan
4.640000000000000000e+02,2.340000000000000000e+02,1.988000000000000000e+03,8.400000000000000000e+01
4.650000000000000000e+02,nan,nan,nan
4.660000000000000000e+02,1.580000000000000000e+02,1.615500000000000000e+03,8.600000000000000000e+01
4.670000000000000000e+02,nan,nan,nan
4.680000000000000000e+02,1.180000000000000000e+02,1.588500000000000000e+03,nan
4.690000000000000000e+02,nan,nan,nan
4.700000000000000000e+02,1.090000000000000000e+02,1.555000000000000000e+03,8.400000000000000000e+01
4.710000000000000000e+02,nan,nan,nan
4.720000000000000000e+02,1.160000000000000000e+02,1.519000000000000000e+03,8.100000000000000000e+01
4.730000000000000000e+02,nan,nan,nan
4.740000000000000000e+02,1.580000000000000000e+02,1.529000000000000000e+03,8.200000000000000000e+01
4.750000000000000000e+02,nan,nan,nan
4.760000000000000000e+02,1.190000000000000000e+02,1.506500000000000000e+03,8.100000000000000000e+01
4.770000000000000000e+02,nan,nan,nan
4.780000000000000000e+02,1.130000000000000000e+02,1.481500000000000000e+03,8.000000000000000000e+01
4.790000000000000000e+02,nan,nan,nan
4.800000000000000000e+02,1.700000000000000000e+02,1.482000000000000000e+03,7.900000000000000000e+01
4.810000000000000000e+02,nan,nan,8.100000000000000000e+01
4.820000000000000000e+02,1.760000000000000000e+02,1.514000000000000000e+03,nan
4.830000000000000000e+02,nan,1.541500000000000000e+03,8.300000000000000000e+01
4.840000000000000000e+02,1.630000000000000000e+02,nan,nan
4.850000000000000000e+02,1.320000000000000000e+02,1.537500000000000000e+03,nan
4.860000000000000000e+02,nan,nan,nan
4.870000000000000000e+02,1.300000000000000000e+02,1.523000000000000000e+03,8.200000000000000000e+01
4.880000000000000000e+02,nan,nan,nan
4.890000000000000000e+02,1.670000000000000000e+02,1.538000000000000000e+03,nan
4.900000000000000000e+02,nan,nan,nan
4.910000000000000000e+02,1.350000000000000000e+02,1.536000000000000000e+03,nan
4.920000000000000000e+02,nan,nan,nan
4.930000000000000000e+02,1.200000000000000000e+02,1.509500000000000000e+03,nan
4.940000000000000000e+02,nan,nan,nan
4.950000000000000000e+02,1.420000000000000000e+02,1.469000000000000000e+03,7.900000000000000000e+01
4.960000000000000000e+02,nan,nan,nan
4.970000000000000000e+02,1.790000000000000000e+02,1.506500000000000000e+03,8.100000000000000000e+01
4.980000000000000000e+02,nan,nan,8.200000000000000000e+01
4.990000000000000000e+02,1.270000000000000000e+02,1.516500000000000000e+03,nan
5.000000000000000000e+02,nan,nan,7.900000000000000000e+01
5.010000000000000000e+02,1.370000000000000000e+02,1.484000000000000000e+03,nan
5.020000000000000000e+02,nan,nan,nan
5.030000000000000000e+02,1.160000000000000000e+02,1.468000000000000000e+03,nan
5.040000000000000000e+02,nan,1.414500000000000000e+03,7.600000000000000000e+01
5.050000000000000000e+02,1.130000000000000000e+02,nan,nan
5.060000000000000000e+02,1.320000000000000000e+02,1.430500000000000000e+03,7.700000000000000000e+01
5.070000000000000000e+02,nan,nan,nan
5.080000000000000000e+02,1.520000000000000000e+02,1.480500000000000000e+03,8.000000000000000000e+01
5.090000000000000000e+02,nan,nan,nan
5.100000000000000000e+02,1.340000000000000000e+02,1.519500000000000000e+03,8.200000000000000000e+01
5.110000000000000000e+02,nan,nan,nan
5.120000000000000000e+02,1.160000000000000000e+02,1.501500000000000000e+03,8.100000000000000000e+01
5.130000000000000000e+02,nan,nan,nan
5.140000000000000000e+02,1.210000000000000000e+02,1.502500000000000000e+03,8.000000000000000000e+01
5.150000000000000000e+02,nan,nan,nan
5.160000000000000000e+02,1.130000000000000000e+02,1.527000000000000000e+03,8.200000000000000000e+01
5.170000000000000000e+02,nan,nan,nan
5.180000000000000000e+02,1.140000000000000000e+02,1.527500000000000000e+03,nan
5.190000000000000000e+02,nan,nan,nan
5.200000000000000000e+02,nan,1.514000000000000000e+03,nan
5.210000000000000000e+02,nan,nan,8.000000000000000000e+01
5.220000000000000000e+02,1.200000000000000000e+02,1.896500000000000000e+03,nan
5.230000000000000000e+02,nan,1.871500000000000000e+03,7.900000000000000000e+01
5.240000000000000000e+02,nan,nan,nan
5.250000000000000000e+02,1.190000000000000000e+02,1.841500000000000000e+03,7.800000000000000000e+01
5.260000000000000000e+02,nan,nan,nan
5.270000000000000000e+02,nan,1.812500000000000000e+03,7.700000000000000000e+01
5.280000000000000000e+02,nan,nan,nan
5.290000000000000000e+02,1.180000000000000000e+02,1.786000000000000000e+03,7.600000000000000000e+01
5.300000000000000000e+02,nan,nan,nan
5.310000000000000000e+02,nan,1.753000000000000000e+03,7.400000000000000000e+01
5.320000000000000000e+02,nan,nan,nan
5.330000000000000000e+02,1.220000000000000000e+02,2.334000000000000000e+03,7.300000000000000000e+01
5.340000000000000000e+02,nan,nan,nan
5.350000000000000000e+02,nan,2.277500000000000000e+03,7.100000000000000000e+01
5.360000000000000000e+02,nan,nan,nan
5.370000000000000000e+02,nan,2.217500000000000000e+03,6.900000000000000000e+01
5.380000000000000000e+02,nan,nan,6.700000000000000000e+01
5.390000000000000000e+02,1.210000000000000000e+02,2.157000000000000000e+03,nan
5.400000000000000000e+02,nan,nan,6.500000000000000000e+01
5.410000000000000000e+02,1.200000000000000000e+02,2.099500000000000000e+03,nan
5.420000000000000000e+02,nan,2.051000000000000000e+03,6.400000000000000000e+01
5.430000000000000000e+02,1.190000000000000000e+02,nan,nan
5.440000000000000000e+02,1.310000000000000000e+02,2.046000000000000000e+03,6.300000000000000000e+01
5.450000000000000000e+02,nan,nan,nan
5.460000000000000000e+02,1.200000000000000000e+02,2.167500000000000000e+03,6.700000000000000000e+01
5.470000000000000000e+02,nan,nan,nan
5.480000000000000000e+02,1.180000000000000000e+02,2.159000000000000000e+03,nan
5.490000000000000000e+02,nan,nan,nan
5.500000000000000000e+02,1.110000000000000000e+02,2.167500000000000000e+03,nan
5.510000000000000000e+02,nan,nan,nan
5.520000000000000000e+02,1.150000000000000000e+02,2.157000000000000000e+03,nan
5.530000000000000000e+02,nan,nan,nan
5.540000000000000000e+02,1.140000000000000000e+02,2.157500000000000000e+03,nan
5.550000000000000000e+02,nan,nan,nan
5.560000000000000000e+02,1.230000000000000000e+02,2.175000000000000000e+03,nan
5.570000000000000000e+02,nan,nan,nan
5.580000000000000000e+02,1.200000000000000000e+02,2.154500000000000000e+03,nan
5.590000000000000000e+02,nan,nan,6.800000000000000000e+01
5.600000000000000000e+02,1.150000000000000000e+02,2.166000000000000000e+03,nan
5.610000000000000000e+02,nan,nan,6.700000000000000000e+01
5.620000000000000000e+02,1.200000000000000000e+02,2.162000000000000000e+03,nan
5.630000000000000000e+02,nan,nan,nan
5.640000000000000000e+02,1.170000000000000000e+02,1.435500000000000000e+03,nan
5.650000000000000000e+02,1.130000000000000000e+02,1.578500000000000000e+03,nan
5.660000000000000000e+02,nan,nan,nan
5.670000000000000000e+02,nan,1.581500000000000000e+03,nan
5.680000000000000000e+02,nan,nan,nan
5.690000000000000000e+02,1.100000000000000000e+02,1.620000000000000000e+03,6.800000000000000000e+01
5.700000000000000000e+02,nan,nan,nan
5.710000000000000000e+02,1.150000000000000000e+02,1.688500000000000000e+03,7.200000000000000000e+01
5.720000000000000000e+02,nan,nan,nan
5.730000000000000000e+02,1.300000000000000000e+02,1.765500000000000000e+03,7.500000000000000000e+01
5.740000000000000000e+02,nan,nan,nan
5.750000000000000000e+02,1.080000000000000000e+02,1.790000000000000000e+03,7.600000000000000000e+01
5.760000000000000000e+02,nan,nan,nan
5.770000000000000000e+02,1.150000000000000000e+02,1.792500000000000000e+03,nan
5.780000000000000000e+02,nan,nan,nan
5.790000000000000000e+02,1.110000000000000000e+02,1.797500000000000000e+03,nan
5.800000000000000000e+02,nan,nan,7.700000000000000000e+01
5.810000000000000000e+02,1.120000000000000000e+02,1.829000000000000000e+03,nan
5.820000000000000000e+02,nan,1.857500000000000000e+03,7.900000000000000000e+01
5.830000000000000000e+02,1.100000000000000000e+02,nan,nan
5.840000000000000000e+02,1.170000000000000000e+02,1.826000000000000000e+03,7.700000000000000000e+01
5.850000000000000000e+02,nan,nan,nan
5.860000000000000000e+02,nan,1.789500000000000000e+03,7.600000000000000000e+01
5.870000000000000000e+02,nan,nan,nan
5.880000000000000000e+02,1.160000000000000000e+02,1.749000000000000000e+03,7.400000000000000000e+01
5.890000000000000000e+02,nan,nan,nan
5.900000000000000000e+02,1.150000000000000000e+02,1.719500000000000000e+03,7.300000000000000000e+01
5.910000000000000000e+02,nan,nan,nan
5.920000000000000000e+02,1.140000000000000000e+02,1.682500000000000000e+03,7.100000000000000000e+01
5.930000000000000000e+02,nan,nan,nan
5.940000000000000000e+02,nan,1.654000000000000000e+03,7.000000000000000000e+01
5.950000000000000000e+02,nan,nan,nan
5.960000000000000000e+02,1.130000000000000000e+02,1.621500000000000000e+03,6.900000000000000000e+01
5.970000000000000000e+02,nan,nan,nan
5.980000000000000000e+02,nan,1.596500000000000000e+03,6.800000000000000000e+01
5.990000000000000000e+02,nan,nan,nan
6.000000000000000000e+02,1.590000000000000000e+02,1.656000000000000000e+03,6.900000000000000000e+01
6.010000000000000000e+02,nan,nan,7.300000000000000000e+01
6.020000000000000000e+02,1.180000000000000000e+02,1.709500000000000000e+03,nan
6.030000000000000000e+02,nan,nan,7.200000000000000000e+01
6.040000000000000000e+02,1.150000000000000000e+02,1.689000000000000000e+03,nan
6.050000000000000000e+02,nan,1.676000000000000000e+03,7.100000000000000000e+01
6.060000000000000000e+02,1.140000000000000000e+02,nan,nan
6.070000000000000000e+02,1.080000000000000000e+02,1.353000000000000000e+03,7.200000000000000000e+01
6.080000000000000000e+02,nan,nan,nan
6.090000000000000000e+02,1.090000000000000000e+02,1.326000000000000000e+03,7.100000000000000000e+01
6.100000000000000000e+02,nan,nan,nan
6.110000000000000000e+02,nan,1.309000000000000000e+03,nan
6.120000000000000000e+02,nan,nan,nan
6.130000000000000000e+02,nan,1.295500000000000000e+03,7.000000000000000000e+01
6.140000000000000000e+02,nan,nan,nan
6.150000000000000000e+02,nan,1.284500000000000000e+03,6.900000000000000000e+01
6.160000000000000000e+02,nan,nan,nan
6.170000000000000000e+02,1.070000000000000000e+02,1.297500000000000000e+03,nan
6.180000000000000000e+02,nan,nan,nan
6.190000000000000000e+02,1.080000000000000000e+02,1.266000000000000000e+03,6.800000000000000000e+01
6.200000000000000000e+02,nan,nan,nan
6.210000000000000000e+02,nan,1.295500000000000000e+03,6.900000000000000000e+01
6.220000000000000000e+02,nan,nan,nan
6.230000000000000000e+02,1.090000000000000000e+02,1.337000000000000000e+03,7.100000000000000000e+01
6.240000000000000000e+02,nan,nan,7.200000000000000000e+01
6.250000000000000000e+02,nan,1.345000000000000000e+03,nan
6.260000000000000000e+02,nan,nan,nan
6.270000000000000000e+02,nan,1.332000000000000000e+03,nan
6.280000000000000000e+02,nan,1.362000000000000000e+03,7.300000000000000000e+01
6.290000000000000000e+02,1.130000000000000000e+02,nan,nan
6.300000000000000000e+02,1.100000000000000000e+02,1.387000000000000000e+03,7.500000000000000000e+01
6.310000000000000000e+02,nan,nan,nan
6.320000000000000000e+02,nan,1.383500000000000000e+03,7.400000000000000000e+01
6.330000000000000000e+02,nan,nan,nan
6.340000000000000000e+02,nan,1.388500000000000000e+03,7.500000000000000000e+01
6.350000000000000000e+02,nan,nan,nan
6.360000000000000000e+02,nan,1.389000000000000000e+03,nan
6.370000000000000000e+02,nan,nan,nan
6.380000000000000000e+02,1.070000000000000000e+02,1.409000000000000000e+03,nan
6.390000000000000000e+02,nan,nan,nan
6.400000000000000000e+02,1.120000000000000000e+02,1.416000000000000000e+03,nan
6.410000000000000000e+02,nan,nan,nan
6.420000000000000000e+02,1.100000000000000000e+02,1.411000000000000000e+03,7.600000000000000000e+01
6.430000000000000000e+02,nan,nan,nan
6.440000000000000000e+02,1.130000000000000000e+02,1.426500000000000000e+03,nan
6.450000000000000000e+02,nan,1.431500000000000000e+03,7.700000000000000000e+01
6.460000000000000000e+02,1.100000000000000000e+02,nan,nan
6.470000000000000000e+02,nan,1.424000000000000000e+03,nan
6.480000000000000000e+02,nan,nan,nan
6.490000000000000000e+02,nan,1.415500000000000000e+03,7.600000000000000000e+01
6.500000000000000000e+02,nan,nan,nan
6.510000000000000000e+02,1.150000000000000000e+02,1.765500000000000000e+03,7.500000000000000000e+01
6.520000000000000000e+02,nan,nan,nan
6.530000000000000000e+02,1.170000000000000000e+02,2.334500000000000000e+03,7.300000000000000000e+01
6.540000000000000000e+02,nan,nan,nan
6.550000000000000000e+02,1.190000000000000000e+02,2.992000000000000000e+03,7.000000000000000000e+01
6.560000000000000000e+02,nan,nan,nan
6.570000000000000000e+02,1.220000000000000000e+02,2.874000000000000000e+03,6.700000000000000000e+01
6.580000000000000000e+02,nan,nan,nan
6.590000000000000000e+02,1.210000000000000000e+02,2.733000000000000000e+03,6.400000000000000000e+01
6.600000000000000000e+02,nan,nan,nan
6.610000000000000000e+02,nan,2.620500000000000000e+03,6.100000000000000000e+01
6.620000000000000000e+02,nan,nan,nan
6.630000000000000000e+02,1.250000000000000000e+02,2.634000000000000000e+03,nan
6.640000000000000000e+02,nan,nan,6.200000000000000000e+01
6.650000000000000000e+02,1.150000000000000000e+02,2.694000000000000000e+03,nan
6.660000000000000000e+02,1.230000000000000000e+02,2.791500000000000000e+03,6.500000000000000000e+01
6.670000000000000000e+02,nan,nan,nan
6.680000000000000000e+02,1.240000000000000000e+02,2.758000000000000000e+03,6.400000000000000000e+01
6.690000000000000000e+02,nan,nan,nan
6.700000000000000000e+02,1.220000000000000000e+02,2.654500000000000000e+03,6.200000000000000000e+01
6.710000000000000000e+02,nan,nan,nan
6.720000000000000000e+02,1.210000000000000000e+02,2.553000000000000000e+03,5.900000000000000000e+01
6.730000000000000000e+02,nan,nan,nan
6.740000000000000000e+02,1.200000000000000000e+02,2.466500000000000000e+03,5.700000000000000000e+01
6.750000000000000000e+02,nan,nan,nan
6.760000000000000000e+02,1.190000000000000000e+02,1.979500000000000000e+03,4.700000000000000000e+01
6.770000000000000000e+02,nan,nan,nan
6.780000000000000000e+02,nan,1.766500000000000000e+03,4.100000000000000000e+01
6.790000000000000000e+02,nan,nan,3.900000000000000000e+01
6.800000000000000000e+02,1.120000000000000000e+02,1.693000000000000000e+03,nan
6.810000000000000000e+02,nan,nan,nan
6.820000000000000000e+02,1.270000000000000000e+02,1.731500000000000000e+03,4.000000000000000000e+01
6.830000000000000000e+02,nan,nan,4.300000000000000000e+01
6.840000000000000000e+02,1.630000000000000000e+02,1.886500000000000000e+03,nan
6.850000000000000000e+02,nan,nan,4.600000000000000000e+01
6.860000000000000000e+02,1.400000000000000000e+02,1.977500000000000000e+03,nan
6.870000000000000000e+02,nan,nan,4.400000000000000000e+01
6.880000000000000000e+02,1.160000000000000000e+02,1.883000000000000000e+03,nan
6.890000000000000000e+02,nan,1.874000000000000000e+03,4.300000000000000000e+01
6.900000000000000000e+02,1.520000000000000000e+02,nan,nan
6.910000000000000000e+02,1.370000000000000000e+02,2.035000000000000000e+03,4.700000000000000000e+01
6.920000000000000000e+02,nan,nan,nan
6.930000000000000000e+02,1.330000000000000000e+02,1.939000000000000000e+03,4.400000000000000000e+01
6.940000000000000000e+02,nan,nan,nan
6.950000000000000000e+02,1.870000000000000000e+02,2.176000000000000000e+03,5.000000000000000000e+01
6.960000000000000000e+02,nan,nan,nan
6.970000000000000000e+02,1.290000000000000000e+02,2.120000000000000000e+03,5.400000000000000000e+01
6.980000000000000000e+02,nan,nan,nan
6.990000000000000000e+02,1.190000000000000000e+02,1.717500000000000000e+03,nan
7.000000000000000000e+02,nan,nan,nan
7.010000000000000000e+02,1.150000000000000000e+02,1.761500000000000000e+03,nan
7.020000000000000000e+02,nan,nan,nan
7.030000000000000000e+02,1.310000000000000000e+02,1.826000000000000000e+03,5.700000000000000000e+01
7.040000000000000000e+02,nan,nan,nan
7.050000000000000000e+02,1.170000000000000000e+02,1.900500000000000000e+03,5.900000000000000000e+01
7.060000000000000000e+02,nan,nan,5.800000000000000000e+01
7.070000000000000000e+02,1.180000000000000000e+02,1.859000000000000000e+03,nan
7.080000000000000000e+02,nan,1.900000000000000000e+03,5.900000000000000000e+01
7.090000000000000000e+02,1.380000000000000000e+02,nan,nan
7.100000000000000000e+02,nan,nan,nan
7.110000000000000000e+02,1.180000000000000000e+02,1.903500000000000000e+03,nan
7.120000000000000000e+02,nan,nan,5.700000000000000000e+01
7.130000000000000000e+02,1.200000000000000000e+02,1.830000000000000000e+03,nan
7.140000000000000000e+02,nan,1.170000000000000000e+03,5.500000000000000000e+01
7.150000000000000000e+02,1.120000000000000000e+02,nan,nan
7.160000000000000000e+02,1.240000000000000000e+02,1.321500000000000000e+03,nan
7.170000000000000000e+02,nan,nan,nan
7.180000000000000000e+02,1.350000000000000000e+02,1.422500000000000000e+03,6.000000000000000000e+01
7.190000000000000000e+02,nan,nan,nan
7.200000000000000000e+02,1.260000000000000000e+02,1.509000000000000000e+03,6.400000000000000000e+01
7.210000000000000000e+02,nan,nan,nan
7.220000000000000000e+02,1.140000000000000000e+02,1.507500000000000000e+03,nan
7.230000000000000000e+02,nan,nan,nan
7.240000000000000000e+02,1.130000000000000000e+02,1.480000000000000000e+03,6.300000000000000000e+01
7.250000000000000000e+02,nan,nan,nan
7.260000000000000000e+02,1.140000000000000000e+02,1.509500000000000000e+03,6.400000000000000000e+01
7.270000000000000000e+02,nan,nan,nan
7.280000000000000000e+02,1.080000000000000000e+02,1.523500000000000000e+03,6.500000000000000000e+01
7.290000000000000000e+02,nan,nan,nan
7.300000000000000000e+02,1.100000000000000000e+02,1.539500000000000000e+03,nan
7.310000000000000000e+02,nan,nan,6.400000000000000000e+01
7.320000000000000000e+02,1.130000000000000000e+02,1.494500000000000000e+03,nan
7.330000000000000000e+02,nan,1.471000000000000000e+03,6.200000000000000000e+01
7.340000000000000000e+02,1.140000000000000000e+02,nan,nan
7.350000000000000000e+02,1.080000000000000000e+02,1.433000000000000000e+03,6.100000000000000000e+01
7.360000000000000000e+02,nan,nan,nan
7.370000000000000000e+02,1.200000000000000000e+02,1.437500000000000000e+03,nan
7.380000000000000000e+02,nan,nan,nan
7.390000000000000000e+02,1.140000000000000000e+02,1.433000000000000000e+03,nan
7.400000000000000000e+02,nan,nan,nan
7.410000000000000000e+02,1.110000000000000000e+02,1.415500000000000000e+03,6.000000000000000000e+01
7.420000000000000000e+02,nan,nan,nan
7.430000000000000000e+02,nan,1.352500000000000000e+03,5.700000000000000000e+01
7.440000000000000000e+02,nan,nan,nan
7.450000000000000000e+02,1.340000000000000000e+02,1.368000000000000000e+03,5.800000000000000000e+01
7.460000000000000000e+02,nan,nan,nan
7.470000000000000000e+02,1.260000000000000000e+02,1.438500000000000000e+03,6.100000000000000000e+01
7.480000000000000000e+02,nan,nan,nan
7.490000000000000000e+02,1.140000000000000000e+02,1.484000000000000000e+03,6.300000000000000000e+01
7.500000000000000000e+02,nan,nan,nan
7.510000000000000000e+02,1.060000000000000000e+02,1.487000000000000000e+03,nan
7.520000000000000000e+02,nan,nan,nan
7.530000000000000000e+02,nan,1.501500000000000000e+03,nan
7.540000000000000000e+02,nan,nan,nan
7.550000000000000000e+02,1.090000000000000000e+02,1.492500000000000000e+03,nan
7.560000000000000000e+02,nan,nan,6.400000000000000000e+01
7.570000000000000000e+02,1.100000000000000000e+02,1.519500000000000000e+03,nan
7.580000000000000000e+02,1.070000000000000000e+02,1.528000000000000000e+03,6.500000000000000000e+01
7.590000000000000000e+02,nan,nan,nan
7.600000000000000000e+02,1.060000000000000000e+02,1.538500000000000000e+03,nan
7.610000000000000000e+02,nan,nan,nan
7.620000000000000000e+02,1.080000000000000000e+02,1.548000000000000000e+03,nan
7.630000000000000000e+02,nan,nan,nan
7.640000000000000000e+02,1.100000000000000000e+02,1.539000000000000000e+03,nan
7.650000000000000000e+02,nan,nan,nan
7.660000000000000000e+02,1.140000000000000000e+02,1.515500000000000000e+03,6.400000000000000000e+01
7.670000000000000000e+02,nan,nan,nan
7.680000000000000000e+02,1.130000000000000000e+02,1.502500000000000000e+03,nan
7.690000000000000000e+02,nan,nan,nan
7.700000000000000000e+02,nan,1.503500000000000000e+03,nan
7.710000000000000000e+02,nan,nan,nan
7.720000000000000000e+02,nan,1.509500000000000000e+03,nan
7.730000000000000000e+02,nan,nan,nan
7.740000000000000000e+02,1.300000000000000000e+02,1.617000000000000000e+03,6.800000000000000000e+01
7.750000000000000000e+02,nan,nan,7.000000000000000000e+01
7.760000000000000000e+02,1.140000000000000000e+02,1.663500000000000000e+03,nan
7.770000000000000000e+02,nan,nan,nan
7.780000000000000000e+02,1.150000000000000000e+02,1.657000000000000000e+03,nan
7.790000000000000000e+02,1.180000000000000000e+02,1.668500000000000000e+03,nan
7.800000000000000000e+02,nan,nan,nan
7.810000000000000000e+02,1.090000000000000000e+02,1.671500000000000000e+03,7.100000000000000000e+01
7.820000000000000000e+02,nan,nan,nan
7.830000000000000000e+02,1.080000000000000000e+02,1.682000000000000000e+03,nan
7.840000000000000000e+02,nan,nan,nan
7.850000000000000000e+02,1.070000000000000000e+02,1.673000000000000000e+03,nan
7.860000000000000000e+02,nan,nan,nan
7.870000000000000000e+02,1.060000000000000000e+02,1.646000000000000000e+03,6.900000000000000000e+01
7.880000000000000000e+02,nan,nan,nan
7.890000000000000000e+02,nan,1.632000000000000000e+03,nan
7.900000000000000000e+02,nan,nan,nan
7.910000000000000000e+02,1.100000000000000000e+02,1.253500000000000000e+03,6.700000000000000000e+01
7.920000000000000000e+02,nan,nan,nan
7.930000000000000000e+02,1.090000000000000000e+02,1.207000000000000000e+03,6.500000000000000000e+01
7.940000000000000000e+02,nan,nan,nan
7.950000000000000000e+02,1.080000000000000000e+02,1.159500000000000000e+03,6.300000000000000000e+01
7.960000000000000000e+02,nan,nan,nan
7.970000000000000000e+02,1.130000000000000000e+02,1.168000000000000000e+03,nan
7.980000000000000000e+02,nan,nan,6.200000000000000000e+01
7.990000000000000000e+02,1.080000000000000000e+02,1.154500000000000000e+03,nan
8.000000000000000000e+02,nan,1.116000000000000000e+03,6.000000000000000000e+01
8.010000000000000000e+02,1.090000000000000000e+02,nan,nan
8.020000000000000000e+02,nan,nan,nan
8.030000000000000000e+02,nan,1.120000000000000000e+03,nan
8.040000000000000000e+02,1.080000000000000000e+02,1.082500000000000000e+03,5.800000000000000000e+01
8.050000000000000000e+02,nan,nan,nan
8.060000000000000000e+02,1.070000000000000000e+02,1.053500000000000000e+03,5.700000000000000000e+01
8.070000000000000000e+02,nan,nan,nan
8.080000000000000000e+02,1.090000000000000000e+02,1.300500000000000000e+03,5.500000000000000000e+01
8.090000000000000000e+02,nan,nan,nan
8.100000000000000000e+02,nan,1.272500000000000000e+03,5.400000000000000000e+01
8.110000000000000000e+02,nan,nan,nan
8.120000000000000000e+02,nan,1.223000000000000000e+03,5.200000000000000000e+01
8.130000000000000000e+02,nan,nan,nan
8.140000000000000000e+02,1.080000000000000000e+02,1.043000000000000000e+03,4.500000000000000000e+01
8.150000000000000000e+02,nan,nan,nan
8.160000000000000000e+02,1.090000000000000000e+02,1.336000000000000000e+03,4.200000000000000000e+01
8.170000000000000000e+02,nan,nan,nan
8.180000000000000000e+02,nan,1.274000000000000000e+03,4.000000000000000000e+01
8.190000000000000000e+02,nan,nan,nan
8.200000000000000000e+02,nan,1.276500000000000000e+03,nan
8.210000000000000000e+02,nan,1.365500000000000000e+03,4.200000000000000000e+01
8.220000000000000000e+02,nan,nan,nan
8.230000000000000000e+02,1.050000000000000000e+02,1.467000000000000000e+03,4.500000000000000000e+01
8.240000000000000000e+02,nan,nan,nan
8.250000000000000000e+02,1.120000000000000000e+02,1.455500000000000000e+03,nan
8.260000000000000000e+02,nan,nan,nan
8.270000000000000000e+02,1.110000000000000000e+02,1.377000000000000000e+03,4.300000000000000000e+01
8.280000000000000000e+02,nan,nan,nan
8.290000000000000000e+02,nan,1.321500000000000000e+03,4.100000000000000000e+01
8.300000000000000000e+02,nan,nan,nan
8.310000000000000000e+02,1.090000000000000000e+02,1.282000000000000000e+03,4.000000000000000000e+01
8.320000000000000000e+02,nan,nan,nan
8.330000000000000000e+02,nan,1.279000000000000000e+03,3.900000000000000000e+01
8.340000000000000000e+02,nan,nan,nan
8.350000000000000000e+02,1.120000000000000000e+02,1.308500000000000000e+03,4.100000000000000000e+01
8.360000000000000000e+02,nan,nan,nan
8.370000000000000000e+02,1.170000000000000000e+02,1.349000000000000000e+03,4.200000000000000000e+01
8.380000000000000000e+02,nan,nan,nan
8.390000000000000000e+02,1.180000000000000000e+02,1.419500000000000000e+03,4.400000000000000000e+01
8.400000000000000000e+02,nan,nan,4.600000000000000000e+01
8.410000000000000000e+02,1.210000000000000000e+02,1.473000000000000000e+03,nan
8.420000000000000000e+02,nan,1.409500000000000000e+03,4.300000000000000000e+01
8.430000000000000000e+02,1.150000000000000000e+02,nan,nan
8.440000000000000000e+02,1.180000000000000000e+02,1.477000000000000000e+03,4.600000000000000000e+01
8.450000000000000000e+02,nan,nan,nan
8.460000000000000000e+02,1.120000000000000000e+02,1.389500000000000000e+03,4.300000000000000000e+01
8.470000000000000000e+02,nan,nan,nan
8.480000000000000000e+02,nan,1.337000000000000000e+03,4.100000000000000000e+01
8.490000000000000000e+02,nan,nan,nan
8.500000000000000000e+02,1.640000000000000000e+02,1.475500000000000000e+03,4.500000000000000000e+01
8.510000000000000000e+02,nan,nan,nan
8.520000000000000000e+02,1.530000000000000000e+02,1.667000000000000000e+03,5.100000000000000000e+01
8.530000000000000000e+02,nan,nan,nan
8.540000000000000000e+02,1.180000000000000000e+02,1.752500000000000000e+03,5.400000000000000000e+01
8.550000000000000000e+02,nan,nan,nan
8.560000000000000000e+02,nan,1.798500000000000000e+03,5.600000000000000000e+01
8.570000000000000000e+02,nan,nan,nan
8.580000000000000000e+02,1.270000000000000000e+02,1.444000000000000000e+03,5.900000000000000000e+01
8.590000000000000000e+02,nan,nan,6.200000000000000000e+01
8.600000000000000000e+02,1.130000000000000000e+02,1.457500000000000000e+03,nan
8.610000000000000000e+02,nan,nan,nan
8.620000000000000000e+02,1.320000000000000000e+02,1.544500000000000000e+03,6.500000000000000000e+01
8.630000000000000000e+02,nan,nan,6.800000000000000000e+01
8.640000000000000000e+02,1.260000000000000000e+02,1.617000000000000000e+03,nan
8.650000000000000000e+02,nan,nan,7.000000000000000000e+01
8.660000000000000000e+02,1.160000000000000000e+02,1.643000000000000000e+03,nan
8.670000000000000000e+02,1.080000000000000000e+02,1.628500000000000000e+03,6.900000000000000000e+01
8.680000000000000000e+02,nan,nan,nan
8.690000000000000000e+02,1.070000000000000000e+02,1.580000000000000000e+03,6.700000000000000000e+01
8.700000000000000000e+02,nan,nan,nan
8.710000000000000000e+02,1.130000000000000000e+02,1.506000000000000000e+03,6.400000000000000000e+01
8.720000000000000000e+02,nan,nan,nan
8.730000000000000000e+02,nan,1.404500000000000000e+03,6.000000000000000000e+01
8.740000000000000000e+02,nan,nan,nan
8.750000000000000000e+02,nan,1.344500000000000000e+03,5.600000000000000000e+01
8.760000000000000000e+02,nan,nan,nan
8.770000000000000000e+02,1.610000000000000000e+02,1.378000000000000000e+03,5.800000000000000000e+01
8.780000000000000000e+02,nan,nan,nan
8.790000000000000000e+02,1.160000000000000000e+02,1.364000000000000000e+03,nan
8.800000000000000000e+02,nan,nan,nan
8.810000000000000000e+02,1.110000000000000000e+02,1.302000000000000000e+03,5.500000000000000000e+01
8.820000000000000000e+02,nan,nan,5.300000000000000000e+01
8.830000000000000000e+02,1.100000000000000000e+02,1.247000000000000000e+03,nan
8.840000000000000000e+02,nan,1.216000000000000000e+03,5.100000000000000000e+01
8.850000000000000000e+02,nan,nan,nan
8.860000000000000000e+02,1.130000000000000000e+02,1.251500000000000000e+03,5.300000000000000000e+01
8.870000000000000000e+02,nan,nan,nan
8.880000000000000000e+02,1.230000000000000000e+02,1.318500000000000000e+03,5.600000000000000000e+01
8.890000000000000000e+02,nan,nan,nan
8.900000000000000000e+02,1.110000000000000000e+02,1.264000000000000000e+03,5.400000000000000000e+01
8.910000000000000000e+02,nan,nan,nan
8.920000000000000000e+02,1.090000000000000000e+02,1.212000000000000000e+03,5.100000000000000000e+01
8.930000000000000000e+02,nan,nan,nan
8.940000000000000000e+02,nan,1.162000000000000000e+03,5.000000000000000000e+01
8.950000000000000000e+02,nan,nan,nan
8.960000000000000000e+02,1.100000000000000000e+02,1.160000000000000000e+03,4.800000000000000000e+01
8.970000000000000000e+02,nan,nan,nan
8.980000000000000000e+02,1.200000000000000000e+02,1.229500000000000000e+03,5.200000000000000000e+01
8.990000000000000000e+02,nan,nan,nan
9.000000000000000000e+02,1.150000000000000000e+02,1.287500000000000000e+03,5.400000000000000000e+01
9.010000000000000000e+02,nan,nan,nan
9.020000000000000000e+02,1.100000000000000000e+02,1.269000000000000000e+03,nan
9.030000000000000000e+02,nan,nan,5.300000000000000000e+01
9.040000000000000000e+02,nan,1.256000000000000000e+03,nan
9.050000000000000000e+02,1.090000000000000000e+02,1.247000000000000000e+03,nan
9.060000000000000000e+02,nan,nan,nan
9.070000000000000000e+02,1.180000000000000000e+02,1.689500000000000000e+03,5.200000000000000000e+01
9.080000000000000000e+02,nan,nan,nan
9.090000000000000000e+02,1.520000000000000000e+02,1.854000000000000000e+03,5.700000000000000000e+01
9.100000000000000000e+02,nan,nan,nan
9.110000000000000000e+02,1.210000000000000000e+02,1.953500000000000000e+03,6.100000000000000000e+01
9.120000000000000000e+02,nan,nan,nan
9.130000000000000000e+02,1.220000000000000000e+02,1.932500000000000000e+03,6.000000000000000000e+01
9.140000000000000000e+02,nan,nan,nan
9.150000000000000000e+02,1.160000000000000000e+02,2.013500000000000000e+03,6.200000000000000000e+01
9.160000000000000000e+02,nan,nan,nan
9.170000000000000000e+02,1.130000000000000000e+02,2.050000000000000000e+03,6.400000000000000000e+01
9.180000000000000000e+02,nan,nan,nan
9.190000000000000000e+02,1.150000000000000000e+02,2.059500000000000000e+03,nan
9.200000000000000000e+02,nan,nan,nan
9.210000000000000000e+02,1.130000000000000000e+02,2.082500000000000000e+03,6.500000000000000000e+01
9.220000000000000000e+02,nan,nan,nan
9.230000000000000000e+02,nan,2.101000000000000000e+03,nan
9.240000000000000000e+02,nan,nan,nan
9.250000000000000000e+02,1.140000000000000000e+02,2.119000000000000000e+03,6.600000000000000000e+01
9.260000000000000000e+02,nan,nan,nan
9.270000000000000000e+02,1.100000000000000000e+02,2.113500000000000000e+03,nan
9.280000000000000000e+02,nan,nan,6.500000000000000000e+01
9.290000000000000000e+02,1.170000000000000000e+02,2.068000000000000000e+03,nan
9.300000000000000000e+02,nan,1.980000000000000000e+03,6.200000000000000000e+01
9.310000000000000000e+02,1.200000000000000000e+02,nan,nan
9.320000000000000000e+02,1.190000000000000000e+02,1.878500000000000000e+03,5.900000000000000000e+01
9.330000000000000000e+02,nan,nan,nan
9.340000000000000000e+02,1.220000000000000000e+02,1.903000000000000000e+03,nan
9.350000000000000000e+02,nan,nan,nan
9.360000000000000000e+02,1.310000000000000000e+02,1.972500000000000000e+03,6.100000000000000000e+01
9.370000000000000000e+02,nan,nan,nan
9.380000000000000000e+02,1.490000000000000000e+02,2.125000000000000000e+03,6.600000000000000000e+01
9.390000000000000000e+02,nan,nan,nan
9.400000000000000000e+02,1.180000000000000000e+02,1.604500000000000000e+03,6.800000000000000000e+01
9.410000000000000000e+02,nan,nan,nan
9.420000000000000000e+02,1.150000000000000000e+02,1.634000000000000000e+03,6.900000000000000000e+01
9.430000000000000000e+02,nan,nan,nan
9.440000000000000000e+02,1.140000000000000000e+02,1.660500000000000000e+03,7.000000000000000000e+01
9.450000000000000000e+02,nan,nan,nan
9.460000000000000000e+02,1.070000000000000000e+02,1.644000000000000000e+03,nan
9.470000000000000000e+02,nan,nan,6.900000000000000000e+01
9.480000000000000000e+02,1.140000000000000000e+02,1.613000000000000000e+03,nan
9.490000000000000000e+02,nan,nan,6.800000000000000000e+01
9.500000000000000000e+02,1.170000000000000000e+02,1.598000000000000000e+03,nan
9.510000000000000000e+02,nan,nan,nan
9.520000000000000000e+02,1.150000000000000000e+02,1.638000000000000000e+03,6.900000000000000000e+01
9.530000000000000000e+02,nan,nan,6.800000000000000000e+01
9.540000000000000000e+02,nan,1.603500000000000000e+03,nan
9.550000000000000000e+02,nan,nan,6.600000000000000000e+01
9.560000000000000000e+02,1.140000000000000000e+02,1.547000000000000000e+03,nan
9.570000000000000000e+02,nan,1.501000000000000000e+03,6.400000000000000000e+01
9.580000000000000000e+02,1.130000000000000000e+02,nan,nan
9.590000000000000000e+02,1.120000000000000000e+02,1.497000000000000000e+03,6.300000000000000000e+01
9.600000000000000000e+02,nan,nan,nan
9.610000000000000000e+02,1.130000000000000000e+02,1.534000000000000000e+03,6.400000000000000000e+01
9.620000000000000000e+02,nan,nan,nan
9.630000000000000000e+02,1.160000000000000000e+02,1.559000000000000000e+03,6.600000000000000000e+01
9.640000000000000000e+02,nan,nan,nan
9.650000000000000000e+02,1.190000000000000000e+02,1.570000000000000000e+03,nan
9.660000000000000000e+02,nan,nan,nan
9.670000000000000000e+02,1.170000000000000000e+02,1.540500000000000000e+03,6.500000000000000000e+01
9.680000000000000000e+02,nan,nan,nan
9.690000000000000000e+02,1.110000000000000000e+02,1.488000000000000000e+03,6.400000000000000000e+01
9.700000000000000000e+02,nan,nan,nan
9.710000000000000000e+02,1.150000000000000000e+02,1.403500000000000000e+03,5.900000000000000000e+01
9.720000000000000000e+02,nan,nan,nan
9.730000000000000000e+02,1.090000000000000000e+02,1.351500000000000000e+03,5.700000000000000000e+01
9.740000000000000000e+02,nan,nan,nan
9.750000000000000000e+02,1.160000000000000000e+02,1.316000000000000000e+03,5.500000000000000000e+01
9.760000000000000000e+02,nan,nan,5.800000000000000000e+01
9.770000000000000000e+02,1.370000000000000000e+02,1.366000000000000000e+03,nan
9.780000000000000000e+02,nan,nan,5.900000000000000000e+01
9.790000000000000000e+02,1.290000000000000000e+02,1.404000000000000000e+03,nan
9.800000000000000000e+02,nan,1.377500000000000000e+03,nan
9.810000000000000000e+02,1.130000000000000000e+02,nan,nan
9.820000000000000000e+02,nan,1.359500000000000000e+03,5.700000000000000000e+01
9.830000000000000000e+02,1.140000000000000000e+02,nan,nan
9.840000000000000000e+02,1.330000000000000000e+02,1.460000000000000000e+03,6.100000000000000000e+01
9.850000000000000000e+02,nan,nan,nan
9.860000000000000000e+02,1.220000000000000000e+02,1.541000000000000000e+03,6.500000000000000000e+01
9.870000000000000000e+02,nan,nan,nan
9.880000000000000000e+02,1.300000000000000000e+02,1.612000000000000000e+03,6.800000000000000000e+01
9.890000000000000000e+02,nan,nan,nan
9.900000000000000000e+02,1.160000000000000000e+02,1.589000000000000000e+03,nan
9.910000000000000000e+02,nan,nan,nan
9.920000000000000000e+02,1.150000000000000000e+02,1.555000000000000000e+03,6.600000000000000000e+01
9.930000000000000000e+02,nan,nan,nan
9.940000000000000000e+02,1.200000000000000000e+02,2.048500000000000000e+03,6.400000000000000000e+01
9.950000000000000000e+02,nan,nan,nan
9.960000000000000000e+02,nan,1.968500000000000000e+03,6.100000000000000000e+01
9.970000000000000000e+02,nan,nan,nan
9.980000000000000000e+02,1.290000000000000000e+02,1.953500000000000000e+03,6.000000000000000000e+01
9.990000000000000000e+02,nan,nan,6.100000000000000000e+01
1.000000000000000000e+03,1.100000000000000000e+02,1.965500000000000000e+03,nan
1.001000000000000000e+03,nan,1.942500000000000000e+03,6.000000000000000000e+01
1.002000000000000000e+03,nan,nan,nan
1.003000000000000000e+03,1.180000000000000000e+02,1.924500000000000000e+03,nan
1.004000000000000000e+03,nan,nan,nan
1.005000000000000000e+03,1.150000000000000000e+02,1.945500000000000000e+03,nan
1.006000000000000000e+03,nan,nan,nan
1.007000000000000000e+03,1.170000000000000000e+02,1.980500000000000000e+03,6.200000000000000000e+01
1.008000000000000000e+03,nan,nan,nan
1.009000000000000000e+03,1.200000000000000000e+02,1.947500000000000000e+03,6.100000000000000000e+01
1.010000000000000000e+03,nan,nan,nan
1.011000000000000000e+03,1.250000000000000000e+02,1.931500000000000000e+03,6.000000000000000000e+01
1.012000000000000000e+03,nan,nan,nan
1.013000000000000000e+03,1.220000000000000000e+02,1.988500000000000000e+03,6.200000000000000000e+01
1.014000000000000000e+03,nan,nan,nan
1.015000000000000000e+03,1.190000000000000000e+02,1.978500000000000000e+03,nan
1.016000000000000000e+03,nan,nan,nan
1.017000000000000000e+03,1.290000000000000000e+02,1.970500000000000000e+03,6.100000000000000000e+01
1.018000000000000000e+03,nan,nan,6.300000000000000000e+01
1.019000000000000000e+03,1.170000000000000000e+02,2.027500000000000000e+03,nan
1.020000000000000000e+03,nan,nan,6.500000000000000000e+01
1.021000000000000000e+03,1.150000000000000000e+02,2.074500000000000000e+03,nan
1.022000000000000000e+03,nan,2.022500000000000000e+03,6.300000000000000000e+01
1.023000000000000000e+03,1.200000000000000000e+02,nan,nan
1.024000000000000000e+03,nan,1.961000000000000000e+03,6.100000000000000000e+01
1.025000000000000000e+03,nan,nan,nan
1.026000000000000000e+03,1.170000000000000000e+02,1.937500000000000000e+03,6.000000000000000000e+01
1.027000000000000000e+03,nan,nan,nan
1.028000000000000000e+03,1.190000000000000000e+02,1.844000000000000000e+03,5.700000000000000000e+01
1.029000000000000000e+03,nan,nan,nan
1.030000000000000000e+03,1.160000000000000000e+02,1.821000000000000000e+03,5.600000000000000000e+01
1.031000000000000000e+03,nan,nan,nan
1.032000000000000000e+03,1.080000000000000000e+02,1.833500000000000000e+03,5.700000000000000000e+01
1.033000000000000000e+03,nan,nan,nan
1.034000000000000000e+03,1.170000000000000000e+02,1.750000000000000000e+03,5.500000000000000000e+01
1.035000000000000000e+03,nan,nan,nan
1.036000000000000000e+03,1.180000000000000000e+02,1.696500000000000000e+03,5.200000000000000000e+01
1.037000000000000000e+03,nan,nan,nan
1.038000000000000000e+03,1.140000000000000000e+02,1.554000000000000000e+03,4.900000000000000000e+01
1.039000000000000000e+03,nan,nan,4.200000000000000000e+01
1.040000000000000000e+03,1.180000000000000000e+02,1.809000000000000000e+03,nan
1.041000000000000000e+03,nan,nan,nan
1.042000000000000000e+03,1.140000000000000000e+02,1.486000000000000000e+03,3.500000000000000000e+01
1.043000000000000000e+03,nan,nan,2.800000000000000000e+01
1.044000000000000000e+03,1.100000000000000000e+02,1.214500000000000000e+03,nan
1.045000000000000000e+03,nan,8.170000000000000000e+02,2.000000000000000000e+01
1.046000000000000000e+03,1.060000000000000000e+02,nan,nan
1.047000000000000000e+03,nan,nan,7.000000000000000000e+00
1.048000000000000000e+03,1.030000000000000000e+02,7.545000000000000000e+02,nan
1.049000000000000000e+03,nan,7.610000000000000000e+02,0.000000000000000000e+00
1.050000000000000000e+03,9.600000000000000000e+01,nan,nan
1.051000000000000000e+03,1.020000000000000000e+02,0.000000000000000000e+00,nan
1.052000000000000000e+03,nan,nan,nan
1.053000000000000000e+03,nan,nan,nan
1.054000000000000000e+03,nan,nan,nan
1.055000000000000000e+03,nan,nan,nan
1.056000000000000000e+03,nan,nan,nan
1.057000000000000000e+03,nan,nan,nan
1.058000000000000000e+03,nan,nan,nan
1.059000000000000000e+03,1.010000000000000000e+02,nan,nan
1.060000000000000000e+03,nan,nan,nan
1.061000000000000000e+03,1.020000000000000000e+02,nan,nan
1.062000000000000000e+03,nan,nan,nan
1.063000000000000000e+03,nan,nan,nan
1.064000000000000000e+03,nan,nan,nan
1.065000000000000000e+03,1.010000000000000000e+02,nan,nan
1.066000000000000000e+03,nan,nan,nan
1.067000000000000000e+03,nan,nan,nan
1.068000000000000000e+03,nan,nan,nan
1.069000000000000000e+03,nan,nan,nan
1.070000000000000000e+03,nan,nan,nan
1.071000000000000000e+03,nan,nan,nan
1.072000000000000000e+03,1.020000000000000000e+02,nan,nan
1.073000000000000000e+03,nan,nan,nan
1.074000000000000000e+03,nan,nan,nan
1.075000000000000000e+03,nan,nan,nan
1.076000000000000000e+03,1.000000000000000000e+02,nan,nan
1.077000000000000000e+03,nan,nan,nan
1.078000000000000000e+03,1.020000000000000000e+02,8.400000000000000000e+02,nan
1.079000000000000000e+03,nan,nan,nan
1.080000000000000000e+03,1.040000000000000000e+02,7.845000000000000000e+02,4.000000000000000000e+00
1.081000000000000000e+03,nan,nan,nan
1.082000000000000000e+03,1.180000000000000000e+02,1.730500000000000000e+03,1.000000000000000000e+01
1.083000000000000000e+03,nan,nan,1.900000000000000000e+01
1.084000000000000000e+03,1.280000000000000000e+02,2.178000000000000000e+03,nan
1.085000000000000000e+03,nan,nan,1.600000000000000000e+01
1.086000000000000000e+03,1.220000000000000000e+02,1.952000000000000000e+03,nan
1.087000000000000000e+03,nan,2.172500000000000000e+03,1.800000000000000000e+01
1.088000000000000000e+03,1.140000000000000000e+02,nan,nan
1.089000000000000000e+03,1.120000000000000000e+02,2.250500000000000000e+03,2.000000000000000000e+01
1.090000000000000000e+03,nan,nan,nan
1.091000000000000000e+03,1.150000000000000000e+02,1.377000000000000000e+03,1.700000000000000000e+01
1.092000000000000000e+03,nan,nan,nan
1.093000000000000000e+03,1.060000000000000000e+02,7.415000000000000000e+02,9.000000000000000000e+00
1.094000000000000000e+03,nan,nan,nan
1.095000000000000000e+03,1.030000000000000000e+02,7.375000000000000000e+02,3.000000000000000000e+00
1.096000000000000000e+03,nan,nan,nan
1.097000000000000000e+03,nan,7.575000000000000000e+02,0.000000000000000000e+00
1.098000000000000000e+03,nan,nan,nan
1.099000000000000000e+03,4.500000000000000000e+01,2.390000000000000000e+02,nan
1.100000000000000000e+03,nan,nan,nan
1.101000000000000000e+03,1.020000000000000000e+02,0.000000000000000000e+00,nan
1.102000000000000000e+03,nan,nan,nan
1.103000000000000000e+03,nan,nan,nan
1.104000000000000000e+03,nan,nan,nan
1.105000000000000000e+03,nan,nan,nan
1.106000000000000000e+03,nan,nan,nan
1.107000000000000000e+03,nan,nan,nan
1.108000000000000000e+03,nan,nan,nan
1.109000000000000000e+03,1.030000000000000000e+02,7.670000000000000000e+02,nan
1.110000000000000000e+03,nan,1.475000000000000000e+03,8.000000000000000000e+00
1.111000000000000000e+03,1.100000000000000000e+02,nan,nan
1.112000000000000000e+03,1.130000000000000000e+02,1.921000000000000000e+03,1.700000000000000000e+01
1.113000000000000000e+03,nan,nan,nan
1.114000000000000000e+03,1.120000000000000000e+02,1.484500000000000000e+03,1.600000000000000000e+01
1.115000000000000000e+03,nan,nan,nan
1.116000000000000000e+03,1.090000000000000000e+02,1.455000000000000000e+03,1.500000000000000000e+01
1.117000000000000000e+03,nan,nan,nan
1.118000000000000000e+03,1.050000000000000000e+02,8.120000000000000000e+02,1.300000000000000000e+01
1.119000000000000000e+03,nan,nan,nan
1.120000000000000000e+03,1.030000000000000000e+02,9.655000000000000000e+02,1.100000000000000000e+01
1.121000000000000000e+03,nan,nan,nan
1.122000000000000000e+03,1.070000000000000000e+02,1.653000000000000000e+03,1.300000000000000000e+01
1.123000000000000000e+03,nan,nan,nan
1.124000000000000000e+03,1.050000000000000000e+02,1.366000000000000000e+03,1.100000000000000000e+01
1.125000000000000000e+03,nan,nan,1.200000000000000000e+01
1.126000000000000000e+03,1.060000000000000000e+02,1.612000000000000000e+03,nan
1.127000000000000000e+03,nan,nan,1.400000000000000000e+01
1.128000000000000000e+03,1.070000000000000000e+02,1.717000000000000000e+03,nan
1.129000000000000000e+03,nan,1.627500000000000000e+03,nan
1.130000000000000000e+03,1.060000000000000000e+02,nan,nan
1.131000000000000000e+03,nan,nan,1.100000000000000000e+01
1.132000000000000000e+03,1.080000000000000000e+02,8.705000000000000000e+02,nan
1.133000000000000000e+03,nan,1.128000000000000000e+03,9.000000000000000000e+00
1.134000000000000000e+03,1.040000000000000000e+02,nan,nan
1.135000000000000000e+03,1.050000000000000000e+02,1.370000000000000000e+03,1.000000000000000000e+01
1.136000000000000000e+03,nan,nan,nan
1.137000000000000000e+03,1.040000000000000000e+02,nan,1.200000000000000000e+01
1.138000000000000000e+03,nan,nan,nan
1.139000000000000000e+03,1.050000000000000000e+02,7.940000000000000000e+02,1.000000000000000000e+01
1.140000000000000000e+03,nan,nan,nan
1.141000000000000000e+03,1.030000000000000000e+02,7.440000000000000000e+02,6.000000000000000000e+00
1.142000000000000000e+03,nan,nan,nan
1.143000000000000000e+03,nan,7.490000000000000000e+02,0.000000000000000000e+00
1.144000000000000000e+03,nan,nan,nan
1.145000000000000000e+03,nan,7.200000000000000000e+02,nan
1.146000000000000000e+03,nan,nan,nan
1.147000000000000000e+03,nan,7.070000000000000000e+02,nan
1.148000000000000000e+03,nan,nan,nan
1.149000000000000000e+03,nan,7.215000000000000000e+02,2.000000000000000000e+00
1.150000000000000000e+03,nan,nan,3.000000000000000000e+00
1.151000000000000000e+03,1.040000000000000000e+02,7.620000000000000000e+02,nan
1.152000000000000000e+03,nan,nan,1.000000000000000000e+00
1.153000000000000000e+03,1.030000000000000000e+02,nan,nan
1.154000000000000000e+03,nan,7.880000000000000000e+02,0.000000000000000000e+00
1.155000000000000000e+03,nan,nan,nan
1.156000000000000000e+03,1.080000000000000000e+02,8.290000000000000000e+02,6.000000000000000000e+00
1.157000000000000000e+03,nan,nan,nan
1.158000000000000000e+03,1.040000000000000000e+02,7.355000000000000000e+02,2.000000000000000000e+00
1.159000000000000000e+03,nan,nan,nan
1.160000000000000000e+03,1.030000000000000000e+02,7.540000000000000000e+02,4.000000000000000000e+00
1.161000000000000000e+03,nan,nan,nan
1.162000000000000000e+03,nan,7.615000000000000000e+02,0.000000000000000000e+00
1.163000000000000000e+03,nan,nan,nan
1.164000000000000000e+03,nan,8.140000000000000000e+02,nan
1.165000000000000000e+03,nan,nan,nan
1.166000000000000000e+03,1.020000000000000000e+02,7.445000000000000000e+02,nan
1.167000000000000000e+03,nan,nan,nan
1.168000000000000000e+03,nan,7.485000000000000000e+02,nan
1.169000000000000000e+03,nan,nan,nan
1.170000000000000000e+03,nan,7.535000000000000000e+02,nan
1.171000000000000000e+03,nan,nan,nan
1.172000000000000000e+03,nan,7.495000000000000000e+02,nan
1.173000000000000000e+03,nan,7.520000000000000000e+02,nan
1.174000000000000000e+03,nan,nan,nan
1.175000000000000000e+03,nan,7.545000000000000000e+02,nan
1.176000000000000000e+03,nan,nan,nan
1.177000000000000000e+03,nan,7.470000000000000000e+02,nan
1.178000000000000000e+03,nan,nan,nan
1.179000000000000000e+03,nan,7.515000000000000000e+02,nan
1.180000000000000000e+03,nan,nan,nan
1.181000000000000000e+03,nan,7.455000000000000000e+02,nan
1.182000000000000000e+03,nan,nan,nan
1.183000000000000000e+03,nan,7.490000000000000000e+02,nan
1.184000000000000000e+03,nan,nan,nan
1.185000000000000000e+03,nan,7.475000000000000000e+02,nan
1.186000000000000000e+03,nan,nan,nan
1.187000000000000000e+03,nan,7.505000000000000000e+02,nan
1.188000000000000000e+03,nan,nan,nan
1.189000000000000000e+03,nan,7.480000000000000000e+02,nan
1.190000000000000000e+03,nan,nan,nan
1.191000000000000000e+03,nan,7.505000000000000000e+02,nan
1.192000000000000000e+03,nan,nan,nan
1.193000000000000000e+03,nan,7.550000000000000000e+02,nan
1.194000000000000000e+03,nan,7.530000000000000000e+02,nan
1.195000000000000000e+03,nan,nan,nan
1.196000000000000000e+03,nan,7.540000000000000000e+02,nan
1.197000000000000000e+03,nan,nan,nan
1.198000000000000000e+03,nan,7.510000000000000000e+02,nan
1.199000000000000000e+03,nan,nan,nan
1.200000000000000000e+03,nan,7.470000000000000000e+02,nan
1.201000000000000000e+03,nan,nan,nan
1.202000000000000000e+03,nan,7.550000000000000000e+02,nan
1.203000000000000000e+03,nan,nan,nan
1.204000000000000000e+03,nan,7.530000000000000000e+02,nan
1.205000000000000000e+03,nan,nan,nan
1.206000000000000000e+03,nan,7.480000000000000000e+02,nan
1.207000000000000000e+03,nan,nan,nan
