# Time,raw_RPM,raw_SPEED
0.000000000000000000e+00,nan,0.000000000000000000e+00
1.000000000000000000e+00,7.995000000000000000e+02,nan
2.000000000000000000e+00,1.555500000000000000e+03,4.000000000000000000e+00
3.000000000000000000e+00,nan,nan
4.000000000000000000e+00,1.422000000000000000e+03,1.400000000000000000e+01
5.000000000000000000e+00,nan,nan
6.000000000000000000e+00,1.253000000000000000e+03,1.500000000000000000e+01
7.000000000000000000e+00,nan,nan
8.000000000000000000e+00,1.705500000000000000e+03,1.900000000000000000e+01
9.000000000000000000e+00,nan,nan
1.000000000000000000e+01,1.905500000000000000e+03,2.800000000000000000e+01
1.100000000000000000e+01,nan,nan
1.200000000000000000e+01,1.524000000000000000e+03,3.400000000000000000e+01
1.300000000000000000e+01,nan,nan
1.400000000000000000e+01,1.659000000000000000e+03,3.800000000000000000e+01
1.500000000000000000e+01,nan,nan
1.600000000000000000e+01,1.729500000000000000e+03,4.000000000000000000e+01
1.700000000000000000e+01,nan,nan
1.800000000000000000e+01,1.809500000000000000e+03,4.100000000000000000e+01
1.900000000000000000e+01,nan,nan
2.000000000000000000e+01,1.504000000000000000e+03,4.400000000000000000e+01
2.100000000000000000e+01,nan,nan
2.200000000000000000e+01,1.594500000000000000e+03,nan
2.300000000000000000e+01,nan,nan
2.400000000000000000e+01,1.568000000000000000e+03,nan
2.500000000000000000e+01,nan,nan
2.600000000000000000e+01,1.524000000000000000e+03,nan
2.700000000000000000e+01,1.401500000000000000e+03,4.300000000000000000e+01
2.800000000000000000e+01,nan,nan
2.900000000000000000e+01,1.316000000000000000e+03,4.100000000000000000e+01
3.000000000000000000e+01,nan,nan
3.100000000000000000e+01,1.205500000000000000e+03,3.800000000000000000e+01
3.200000000000000000e+01,nan,nan
3.300000000000000000e+01,1.169000000000000000e+03,2.700000000000000000e+01
3.400000000000000000e+01,nan,nan
3.500000000000000000e+01,8.035000000000000000e+02,1.100000000000000000e+01
3.600000000000000000e+01,nan,nan
3.700000000000000000e+01,1.416500000000000000e+03,3.000000000000000000e+00
3.800000000000000000e+01,nan,nan
3.900000000000000000e+01,1.800500000000000000e+03,1.300000000000000000e+01
4.000000000000000000e+01,nan,nan
4.100000000000000000e+01,1.743000000000000000e+03,2.000000000000000000e+01
4.200000000000000000e+01,nan,nan
4.300000000000000000e+01,2.014000000000000000e+03,3.000000000000000000e+01
4.400000000000000000e+01,nan,nan
4.500000000000000000e+01,1.520500000000000000e+03,3.500000000000000000e+01
4.600000000000000000e+01,nan,nan
4.700000000000000000e+01,1.716500000000000000e+03,3.900000000000000000e+01
4.800000000000000000e+01,nan,nan
4.900000000000000000e+01,1.788500000000000000e+03,4.100000000000000000e+01
5.000000000000000000e+01,nan,4.200000000000000000e+01
5.100000000000000000e+01,1.577000000000000000e+03,nan
5.200000000000000000e+01,nan,nan
5.300000000000000000e+01,1.149500000000000000e+03,nan
5.400000000000000000e+01,nan,nan
5.500000000000000000e+01,1.260500000000000000e+03,3.900000000000000000e+01
5.600000000000000000e+01,nan,3.100000000000000000e+01
5.700000000000000000e+01,1.340000000000000000e+03,nan
5.800000000000000000e+01,1.159000000000000000e+03,2.600000000000000000e+01
5.900000000000000000e+01,nan,nan
6.000000000000000000e+01,1.034000000000000000e+03,2.400000000000000000e+01
6.100000000000000000e+01,nan,nan
6.200000000000000000e+01,1.220000000000000000e+03,2.300000000000000000e+01
6.300000000000000000e+01,nan,nan
6.400000000000000000e+01,1.638500000000000000e+03,2.700000000000000000e+01
6.500000000000000000e+01,nan,nan
6.600000000000000000e+01,1.447000000000000000e+03,3.300000000000000000e+01
6.700000000000000000e+01,nan,nan
6.800000000000000000e+01,1.697500000000000000e+03,3.900000000000000000e+01
6.900000000000000000e+01,nan,nan
7.000000000000000000e+01,1.779000000000000000e+03,4.100000000000000000e+01
7.100000000000000000e+01,nan,nan
7.200000000000000000e+01,1.285500000000000000e+03,4.000000000000000000e+01
7.300000000000000000e+01,nan,nan
7.400000000000000000e+01,1.204000000000000000e+03,3.700000000000000000e+01
7.500000000000000000e+01,nan,nan
7.600000000000000000e+01,1.158000000000000000e+03,2.800000000000000000e+01
7.700000000000000000e+01,nan,1.200000000000000000e+01
7.800000000000000000e+01,7.725000000000000000e+02,nan
7.900000000000000000e+01,1.109000000000000000e+03,2.000000000000000000e+00
8.000000000000000000e+01,nan,nan
8.100000000000000000e+01,1.817000000000000000e+03,1.200000000000000000e+01
8.200000000000000000e+01,nan,nan
8.300000000000000000e+01,1.756000000000000000e+03,2.100000000000000000e+01
8.400000000000000000e+01,nan,nan
8.500000000000000000e+01,1.954500000000000000e+03,2.900000000000000000e+01
8.600000000000000000e+01,nan,nan
8.700000000000000000e+01,1.515000000000000000e+03,3.400000000000000000e+01
8.800000000000000000e+01,nan,nan
8.900000000000000000e+01,1.705000000000000000e+03,3.900000000000000000e+01
9.000000000000000000e+01,nan,nan
9.100000000000000000e+01,1.497000000000000000e+03,4.300000000000000000e+01
9.200000000000000000e+01,nan,nan
9.300000000000000000e+01,1.490500000000000000e+03,4.500000000000000000e+01
9.400000000000000000e+01,nan,nan
9.500000000000000000e+01,1.488000000000000000e+03,4.600000000000000000e+01
9.600000000000000000e+01,nan,nan
9.700000000000000000e+01,1.497500000000000000e+03,4.700000000000000000e+01
9.800000000000000000e+01,nan,4.600000000000000000e+01
9.900000000000000000e+01,1.511500000000000000e+03,nan
1.000000000000000000e+02,1.491000000000000000e+03,nan
1.010000000000000000e+02,nan,nan
1.020000000000000000e+02,1.418500000000000000e+03,4.400000000000000000e+01
1.030000000000000000e+02,nan,nan
1.040000000000000000e+02,1.382500000000000000e+03,4.200000000000000000e+01
1.050000000000000000e+02,nan,nan
1.060000000000000000e+02,1.327500000000000000e+03,4.100000000000000000e+01
1.070000000000000000e+02,nan,nan
1.080000000000000000e+02,1.305000000000000000e+03,4.000000000000000000e+01
1.090000000000000000e+02,nan,nan
1.100000000000000000e+02,1.523000000000000000e+03,3.900000000000000000e+01
1.110000000000000000e+02,nan,nan
1.120000000000000000e+02,1.479500000000000000e+03,3.400000000000000000e+01
1.130000000000000000e+02,nan,nan
1.140000000000000000e+02,1.537500000000000000e+03,2.400000000000000000e+01
1.150000000000000000e+02,nan,nan
1.160000000000000000e+02,7.645000000000000000e+02,1.000000000000000000e+01
1.170000000000000000e+02,nan,nan
1.180000000000000000e+02,1.562000000000000000e+03,nan
1.190000000000000000e+02,nan,2.000000000000000000e+01
1.200000000000000000e+02,1.761000000000000000e+03,nan
1.210000000000000000e+02,1.960000000000000000e+03,2.900000000000000000e+01
1.220000000000000000e+02,nan,nan
1.230000000000000000e+02,1.543500000000000000e+03,3.500000000000000000e+01
1.240000000000000000e+02,nan,nan
1.250000000000000000e+02,1.633000000000000000e+03,3.800000000000000000e+01
1.260000000000000000e+02,nan,nan
1.270000000000000000e+02,1.556000000000000000e+03,3.600000000000000000e+01
1.280000000000000000e+02,nan,nan
1.290000000000000000e+02,1.956000000000000000e+03,3.000000000000000000e+01
1.300000000000000000e+02,nan,nan
1.310000000000000000e+02,1.225000000000000000e+03,1.900000000000000000e+01
1.320000000000000000e+02,nan,nan
1.330000000000000000e+02,1.468500000000000000e+03,2.100000000000000000e+01
1.340000000000000000e+02,nan,2.700000000000000000e+01
1.350000000000000000e+02,1.780000000000000000e+03,nan
1.360000000000000000e+02,nan,3.000000000000000000e+01
1.370000000000000000e+02,2.005000000000000000e+03,nan
1.380000000000000000e+02,2.186500000000000000e+03,3.300000000000000000e+01
1.390000000000000000e+02,nan,nan
1.400000000000000000e+02,2.272500000000000000e+03,3.400000000000000000e+01
1.410000000000000000e+02,nan,nan
1.420000000000000000e+02,2.286500000000000000e+03,nan
1.430000000000000000e+02,nan,nan
1.440000000000000000e+02,2.288500000000000000e+03,3.500000000000000000e+01
1.450000000000000000e+02,nan,nan
1.460000000000000000e+02,1.817000000000000000e+03,2.800000000000000000e+01
1.470000000000000000e+02,nan,nan
1.480000000000000000e+02,1.777500000000000000e+03,1.900000000000000000e+01
1.490000000000000000e+02,nan,nan
1.500000000000000000e+02,7.405000000000000000e+02,8.000000000000000000e+00
1.510000000000000000e+02,nan,nan
1.520000000000000000e+02,1.625500000000000000e+03,4.000000000000000000e+00
1.530000000000000000e+02,nan,nan
1.540000000000000000e+02,1.876500000000000000e+03,1.700000000000000000e+01
1.550000000000000000e+02,nan,nan
1.560000000000000000e+02,1.798000000000000000e+03,2.700000000000000000e+01
1.570000000000000000e+02,nan,nan
1.580000000000000000e+02,1.601500000000000000e+03,3.300000000000000000e+01
1.590000000000000000e+02,nan,3.900000000000000000e+01
1.600000000000000000e+02,1.691000000000000000e+03,nan
1.610000000000000000e+02,nan,4.200000000000000000e+01
1.620000000000000000e+02,1.711500000000000000e+03,nan
1.630000000000000000e+02,nan,4.400000000000000000e+01
1.640000000000000000e+02,1.469000000000000000e+03,nan
1.650000000000000000e+02,1.505500000000000000e+03,4.600000000000000000e+01
1.660000000000000000e+02,nan,nan
1.670000000000000000e+02,1.499000000000000000e+03,nan
1.680000000000000000e+02,nan,nan
1.690000000000000000e+02,1.498500000000000000e+03,nan
1.700000000000000000e+02,nan,nan
1.710000000000000000e+02,1.490000000000000000e+03,nan
1.720000000000000000e+02,nan,nan
1.730000000000000000e+02,1.445000000000000000e+03,4.500000000000000000e+01
1.740000000000000000e+02,nan,nan
1.750000000000000000e+02,1.367000000000000000e+03,4.200000000000000000e+01
1.760000000000000000e+02,nan,nan
1.770000000000000000e+02,1.566000000000000000e+03,4.100000000000000000e+01
1.780000000000000000e+02,nan,nan
1.790000000000000000e+02,1.467500000000000000e+03,4.400000000000000000e+01
1.800000000000000000e+02,nan,nan
1.810000000000000000e+02,1.523000000000000000e+03,4.500000000000000000e+01
1.820000000000000000e+02,nan,4.600000000000000000e+01
1.830000000000000000e+02,1.512000000000000000e+03,nan
1.840000000000000000e+02,nan,nan
1.850000000000000000e+02,1.492000000000000000e+03,nan
1.860000000000000000e+02,nan,nan
1.870000000000000000e+02,1.499500000000000000e+03,nan
1.880000000000000000e+02,1.497000000000000000e+03,nan
1.890000000000000000e+02,nan,nan
1.900000000000000000e+02,1.498500000000000000e+03,nan
1.910000000000000000e+02,nan,nan
1.920000000000000000e+02,1.498000000000000000e+03,nan
1.930000000000000000e+02,nan,nan
1.940000000000000000e+02,1.481500000000000000e+03,nan
1.950000000000000000e+02,nan,nan
1.960000000000000000e+02,1.405000000000000000e+03,4.400000000000000000e+01
1.970000000000000000e+02,nan,nan
1.980000000000000000e+02,1.592500000000000000e+03,3.700000000000000000e+01
1.990000000000000000e+02,nan,nan
2.000000000000000000e+02,1.373500000000000000e+03,3.200000000000000000e+01
2.010000000000000000e+02,nan,nan
2.020000000000000000e+02,1.376500000000000000e+03,nan
2.030000000000000000e+02,nan,2.700000000000000000e+01
2.040000000000000000e+02,1.188000000000000000e+03,nan
2.050000000000000000e+02,nan,2.600000000000000000e+01
2.060000000000000000e+02,1.136000000000000000e+03,nan
2.070000000000000000e+02,1.214000000000000000e+03,2.800000000000000000e+01
2.080000000000000000e+02,nan,nan
2.090000000000000000e+02,1.365000000000000000e+03,3.100000000000000000e+01
2.100000000000000000e+02,nan,nan
2.110000000000000000e+02,1.656000000000000000e+03,3.700000000000000000e+01
2.120000000000000000e+02,nan,nan
2.130000000000000000e+02,1.701500000000000000e+03,4.300000000000000000e+01
2.140000000000000000e+02,nan,nan
2.150000000000000000e+02,1.401500000000000000e+03,4.600000000000000000e+01
2.160000000000000000e+02,nan,nan
2.170000000000000000e+02,1.992000000000000000e+03,nan
2.180000000000000000e+02,nan,nan
2.190000000000000000e+02,2.009000000000000000e+03,nan
2.200000000000000000e+02,nan,nan
2.210000000000000000e+02,2.005000000000000000e+03,nan
2.220000000000000000e+02,nan,nan
2.230000000000000000e+02,1.999000000000000000e+03,nan
2.240000000000000000e+02,nan,nan
2.250000000000000000e+02,2.000000000000000000e+03,nan
2.260000000000000000e+02,nan,nan
2.270000000000000000e+02,nan,nan
2.280000000000000000e+02,1.445000000000000000e+03,4.500000000000000000e+01
2.290000000000000000e+02,nan,nan
2.300000000000000000e+02,1.442500000000000000e+03,4.300000000000000000e+01
2.310000000000000000e+02,nan,nan
2.320000000000000000e+02,1.570000000000000000e+03,4.200000000000000000e+01
2.330000000000000000e+02,nan,nan
2.340000000000000000e+02,1.467000000000000000e+03,4.500000000000000000e+01
2.350000000000000000e+02,nan,nan
2.360000000000000000e+02,1.492500000000000000e+03,4.600000000000000000e+01
2.370000000000000000e+02,nan,nan
2.380000000000000000e+02,1.480000000000000000e+03,nan
2.390000000000000000e+02,nan,nan
2.400000000000000000e+02,1.488000000000000000e+03,nan
2.410000000000000000e+02,nan,nan
2.420000000000000000e+02,1.464000000000000000e+03,4.500000000000000000e+01
2.430000000000000000e+02,nan,4.600000000000000000e+01
2.440000000000000000e+02,1.484500000000000000e+03,nan
2.450000000000000000e+02,1.472000000000000000e+03,nan
2.460000000000000000e+02,nan,nan
2.470000000000000000e+02,1.447000000000000000e+03,4.500000000000000000e+01
2.480000000000000000e+02,nan,nan
2.490000000000000000e+02,1.444500000000000000e+03,nan
2.500000000000000000e+02,nan,nan
2.510000000000000000e+02,1.472000000000000000e+03,nan
2.520000000000000000e+02,nan,nan
2.530000000000000000e+02,1.464500000000000000e+03,nan
2.540000000000000000e+02,nan,nan
2.550000000000000000e+02,1.424500000000000000e+03,4.400000000000000000e+01
2.560000000000000000e+02,nan,nan
2.570000000000000000e+02,1.381000000000000000e+03,4.300000000000000000e+01
2.580000000000000000e+02,nan,nan
2.590000000000000000e+02,1.380000000000000000e+03,nan
2.600000000000000000e+02,nan,4.400000000000000000e+01
2.610000000000000000e+02,1.415000000000000000e+03,nan
2.620000000000000000e+02,1.390500000000000000e+03,4.300000000000000000e+01
2.630000000000000000e+02,nan,nan
2.640000000000000000e+02,1.376500000000000000e+03,4.200000000000000000e+01
2.650000000000000000e+02,nan,nan
2.660000000000000000e+02,1.397000000000000000e+03,4.300000000000000000e+01
2.670000000000000000e+02,nan,nan
2.680000000000000000e+02,1.449500000000000000e+03,4.500000000000000000e+01
2.690000000000000000e+02,nan,nan
2.700000000000000000e+02,1.492500000000000000e+03,4.600000000000000000e+01
2.710000000000000000e+02,nan,nan
2.720000000000000000e+02,1.499500000000000000e+03,nan
2.730000000000000000e+02,nan,nan
2.740000000000000000e+02,1.489500000000000000e+03,nan
2.750000000000000000e+02,nan,nan
2.760000000000000000e+02,1.522000000000000000e+03,4.700000000000000000e+01
2.770000000000000000e+02,nan,nan
2.780000000000000000e+02,1.501500000000000000e+03,nan
2.790000000000000000e+02,nan,nan
2.800000000000000000e+02,1.368500000000000000e+03,4.300000000000000000e+01
2.810000000000000000e+02,nan,3.700000000000000000e+01
2.820000000000000000e+02,1.586000000000000000e+03,nan
2.830000000000000000e+02,nan,3.100000000000000000e+01
2.840000000000000000e+02,2.051500000000000000e+03,nan
2.850000000000000000e+02,1.656500000000000000e+03,2.500000000000000000e+01
2.860000000000000000e+02,nan,nan
2.870000000000000000e+02,1.314500000000000000e+03,2.000000000000000000e+01
2.880000000000000000e+02,nan,nan
2.890000000000000000e+02,7.735000000000000000e+02,1.100000000000000000e+01
2.900000000000000000e+02,nan,nan
2.910000000000000000e+02,7.325000000000000000e+02,3.000000000000000000e+00
2.920000000000000000e+02,nan,nan
2.930000000000000000e+02,5.950000000000000000e+02,0.000000000000000000e+00
2.940000000000000000e+02,nan,nan
2.950000000000000000e+02,0.000000000000000000e+00,nan
2.960000000000000000e+02,nan,nan
2.970000000000000000e+02,nan,nan
2.980000000000000000e+02,nan,nan
2.990000000000000000e+02,nan,nan
3.000000000000000000e+02,nan,nan
3.010000000000000000e+02,nan,nan
3.020000000000000000e+02,nan,nan
3.030000000000000000e+02,nan,nan
3.040000000000000000e+02,nan,nan
3.050000000000000000e+02,8.580000000000000000e+02,nan
3.060000000000000000e+02,1.504000000000000000e+03,8.000000000000000000e+00
3.070000000000000000e+02,nan,nan
3.080000000000000000e+02,1.727000000000000000e+03,1.700000000000000000e+01
3.090000000000000000e+02,nan,nan
3.100000000000000000e+02,1.958500000000000000e+03,2.400000000000000000e+01
3.110000000000000000e+02,nan,nan
3.120000000000000000e+02,2.086000000000000000e+03,3.100000000000000000e+01
3.130000000000000000e+02,nan,nan
3.140000000000000000e+02,1.661000000000000000e+03,3.700000000000000000e+01
3.150000000000000000e+02,nan,nan
3.160000000000000000e+02,1.505000000000000000e+03,4.300000000000000000e+01
3.170000000000000000e+02,nan,nan
3.180000000000000000e+02,1.482500000000000000e+03,4.600000000000000000e+01
3.190000000000000000e+02,nan,nan
3.200000000000000000e+02,1.496500000000000000e+03,nan
3.210000000000000000e+02,nan,nan
3.220000000000000000e+02,1.494000000000000000e+03,nan
3.230000000000000000e+02,1.514000000000000000e+03,4.700000000000000000e+01
3.240000000000000000e+02,nan,nan
3.250000000000000000e+02,nan,4.600000000000000000e+01
3.260000000000000000e+02,1.498500000000000000e+03,nan
3.270000000000000000e+02,nan,nan
3.280000000000000000e+02,nan,nan
3.290000000000000000e+02,1.495500000000000000e+03,nan
3.300000000000000000e+02,nan,nan
3.310000000000000000e+02,1.498500000000000000e+03,nan
3.320000000000000000e+02,nan,nan
3.330000000000000000e+02,1.497500000000000000e+03,nan
3.340000000000000000e+02,nan,nan
3.350000000000000000e+02,1.502000000000000000e+03,nan
3.360000000000000000e+02,nan,nan
3.370000000000000000e+02,1.500500000000000000e+03,nan
3.380000000000000000e+02,nan,nan
3.390000000000000000e+02,1.497500000000000000e+03,nan
3.400000000000000000e+02,nan,nan
3.410000000000000000e+02,1.501500000000000000e+03,nan
3.420000000000000000e+02,nan,nan
3.430000000000000000e+02,1.624500000000000000e+03,5.000000000000000000e+01
3.440000000000000000e+02,nan,nan
3.450000000000000000e+02,1.681500000000000000e+03,5.200000000000000000e+01
3.460000000000000000e+02,nan,nan
3.470000000000000000e+02,1.658500000000000000e+03,nan
3.480000000000000000e+02,nan,4.900000000000000000e+01
3.490000000000000000e+02,1.578000000000000000e+03,nan
3.500000000000000000e+02,1.455500000000000000e+03,4.500000000000000000e+01
3.510000000000000000e+02,nan,nan
3.520000000000000000e+02,1.339000000000000000e+03,4.200000000000000000e+01
3.530000000000000000e+02,nan,nan
3.540000000000000000e+02,1.341500000000000000e+03,3.200000000000000000e+01
3.550000000000000000e+02,nan,nan
3.560000000000000000e+02,1.295000000000000000e+03,3.000000000000000000e+01
3.570000000000000000e+02,nan,nan
3.580000000000000000e+02,1.401500000000000000e+03,3.200000000000000000e+01
3.590000000000000000e+02,nan,nan
3.600000000000000000e+02,1.609000000000000000e+03,3.700000000000000000e+01
3.610000000000000000e+02,nan,nan
3.620000000000000000e+02,1.722500000000000000e+03,4.000000000000000000e+01
3.630000000000000000e+02,nan,nan
3.640000000000000000e+02,1.770500000000000000e+03,4.100000000000000000e+01
3.650000000000000000e+02,nan,nan
3.660000000000000000e+02,1.806000000000000000e+03,nan
3.670000000000000000e+02,nan,nan
3.680000000000000000e+02,1.801000000000000000e+03,4.200000000000000000e+01
3.690000000000000000e+02,nan,nan
3.700000000000000000e+02,1.788000000000000000e+03,4.100000000000000000e+01
3.710000000000000000e+02,nan,nan
3.720000000000000000e+02,1.774500000000000000e+03,nan
3.730000000000000000e+02,1.749500000000000000e+03,4.000000000000000000e+01
3.740000000000000000e+02,nan,nan
3.750000000000000000e+02,1.676000000000000000e+03,3.900000000000000000e+01
3.760000000000000000e+02,nan,nan
3.770000000000000000e+02,1.566000000000000000e+03,3.600000000000000000e+01
3.780000000000000000e+02,nan,nan
3.790000000000000000e+02,1.465000000000000000e+03,3.400000000000000000e+01
3.800000000000000000e+02,nan,nan
3.810000000000000000e+02,1.561500000000000000e+03,3.600000000000000000e+01
3.820000000000000000e+02,nan,nan
3.830000000000000000e+02,1.648000000000000000e+03,3.800000000000000000e+01
3.840000000000000000e+02,nan,nan
3.850000000000000000e+02,1.703000000000000000e+03,3.900000000000000000e+01
3.860000000000000000e+02,nan,nan
3.870000000000000000e+02,1.754000000000000000e+03,4.000000000000000000e+01
3.880000000000000000e+02,nan,nan
3.890000000000000000e+02,1.902500000000000000e+03,4.400000000000000000e+01
3.900000000000000000e+02,nan,nan
3.910000000000000000e+02,2.001000000000000000e+03,4.600000000000000000e+01
3.920000000000000000e+02,nan,nan
3.930000000000000000e+02,2.028000000000000000e+03,4.700000000000000000e+01
3.940000000000000000e+02,nan,4.500000000000000000e+01
3.950000000000000000e+02,1.972000000000000000e+03,nan
3.960000000000000000e+02,1.995500000000000000e+03,4.600000000000000000e+01
3.970000000000000000e+02,nan,nan
3.980000000000000000e+02,2.036000000000000000e+03,4.700000000000000000e+01
3.990000000000000000e+02,nan,nan
4.000000000000000000e+02,2.086000000000000000e+03,4.800000000000000000e+01
4.010000000000000000e+02,nan,nan
4.020000000000000000e+02,2.064000000000000000e+03,nan
4.030000000000000000e+02,nan,nan
4.040000000000000000e+02,2.034500000000000000e+03,4.700000000000000000e+01
4.050000000000000000e+02,nan,nan
4.060000000000000000e+02,2.047500000000000000e+03,nan
4.070000000000000000e+02,nan,nan
4.080000000000000000e+02,2.106500000000000000e+03,4.900000000000000000e+01
4.090000000000000000e+02,nan,nan
4.100000000000000000e+02,2.109000000000000000e+03,nan
4.110000000000000000e+02,nan,4.800000000000000000e+01
4.120000000000000000e+02,2.081000000000000000e+03,nan
4.130000000000000000e+02,nan,nan
4.140000000000000000e+02,2.099000000000000000e+03,nan
4.150000000000000000e+02,nan,5.000000000000000000e+01
4.160000000000000000e+02,2.167500000000000000e+03,nan
4.170000000000000000e+02,nan,5.100000000000000000e+01
4.180000000000000000e+02,2.196000000000000000e+03,nan
4.190000000000000000e+02,1.652500000000000000e+03,nan
4.200000000000000000e+02,nan,nan
4.210000000000000000e+02,1.620500000000000000e+03,5.000000000000000000e+01
4.220000000000000000e+02,nan,nan
4.230000000000000000e+02,1.578000000000000000e+03,4.900000000000000000e+01
4.240000000000000000e+02,nan,nan
4.250000000000000000e+02,1.518500000000000000e+03,4.700000000000000000e+01
4.260000000000000000e+02,nan,nan
4.270000000000000000e+02,1.517500000000000000e+03,nan
4.280000000000000000e+02,nan,nan
4.290000000000000000e+02,1.507000000000000000e+03,nan
4.300000000000000000e+02,nan,nan
4.310000000000000000e+02,1.463500000000000000e+03,4.500000000000000000e+01
4.320000000000000000e+02,nan,nan
4.330000000000000000e+02,1.398500000000000000e+03,4.400000000000000000e+01
4.340000000000000000e+02,nan,4.200000000000000000e+01
4.350000000000000000e+02,1.345500000000000000e+03,nan
4.360000000000000000e+02,nan,4.100000000000000000e+01
4.370000000000000000e+02,1.301500000000000000e+03,nan
4.380000000000000000e+02,1.263000000000000000e+03,3.900000000000000000e+01
4.390000000000000000e+02,nan,nan
4.400000000000000000e+02,1.195500000000000000e+03,3.700000000000000000e+01
4.410000000000000000e+02,nan,nan
4.420000000000000000e+02,1.426500000000000000e+03,3.300000000000000000e+01
4.430000000000000000e+02,nan,nan
4.440000000000000000e+02,1.471500000000000000e+03,3.400000000000000000e+01
4.450000000000000000e+02,nan,nan
4.460000000000000000e+02,1.492000000000000000e+03,3.500000000000000000e+01
4.470000000000000000e+02,nan,nan
4.480000000000000000e+02,1.536000000000000000e+03,nan
4.490000000000000000e+02,nan,nan
4.500000000000000000e+02,1.617500000000000000e+03,3.700000000000000000e+01
4.510000000000000000e+02,nan,nan
4.520000000000000000e+02,1.712000000000000000e+03,3.900000000000000000e+01
4.530000000000000000e+02,nan,nan
4.540000000000000000e+02,1.782500000000000000e+03,4.100000000000000000e+01
4.550000000000000000e+02,nan,nan
4.560000000000000000e+02,1.442000000000000000e+03,4.200000000000000000e+01
4.570000000000000000e+02,nan,4.500000000000000000e+01
4.580000000000000000e+02,1.487000000000000000e+03,nan
4.590000000000000000e+02,nan,5.000000000000000000e+01
4.600000000000000000e+02,1.614000000000000000e+03,nan
4.610000000000000000e+02,1.723500000000000000e+03,5.300000000000000000e+01
4.620000000000000000e+02,nan,nan
4.630000000000000000e+02,1.753000000000000000e+03,5.400000000000000000e+01
4.640000000000000000e+02,nan,nan
4.650000000000000000e+02,1.760000000000000000e+03,nan
4.660000000000000000e+02,nan,nan
4.670000000000000000e+02,1.800000000000000000e+03,5.600000000000000000e+01
4.680000000000000000e+02,nan,nan
4.690000000000000000e+02,1.776000000000000000e+03,5.500000000000000000e+01
4.700000000000000000e+02,nan,nan
4.710000000000000000e+02,1.676500000000000000e+03,5.200000000000000000e+01
4.720000000000000000e+02,nan,nan
4.730000000000000000e+02,1.606000000000000000e+03,5.000000000000000000e+01
4.740000000000000000e+02,nan,nan
4.750000000000000000e+02,1.463000000000000000e+03,4.600000000000000000e+01
4.760000000000000000e+02,nan,nan
4.770000000000000000e+02,1.482000000000000000e+03,4.200000000000000000e+01
4.780000000000000000e+02,nan,nan
4.790000000000000000e+02,1.500500000000000000e+03,4.100000000000000000e+01
4.800000000000000000e+02,nan,4.000000000000000000e+01
4.810000000000000000e+02,1.293500000000000000e+03,nan
4.820000000000000000e+02,nan,4.100000000000000000e+01
4.830000000000000000e+02,1.326500000000000000e+03,nan
4.840000000000000000e+02,1.357000000000000000e+03,4.200000000000000000e+01
4.850000000000000000e+02,nan,nan
4.860000000000000000e+02,1.398500000000000000e+03,4.300000000000000000e+01
4.870000000000000000e+02,nan,nan
4.880000000000000000e+02,1.325500000000000000e+03,4.200000000000000000e+01
4.890000000000000000e+02,nan,nan
4.900000000000000000e+02,1.482000000000000000e+03,4.000000000000000000e+01
4.910000000000000000e+02,nan,nan
4.920000000000000000e+02,1.558500000000000000e+03,4.700000000000000000e+01
4.930000000000000000e+02,nan,nan
4.940000000000000000e+02,1.768000000000000000e+03,5.400000000000000000e+01
4.950000000000000000e+02,nan,nan
4.960000000000000000e+02,1.973000000000000000e+03,6.100000000000000000e+01
4.970000000000000000e+02,nan,nan
4.980000000000000000e+02,1.594500000000000000e+03,6.600000000000000000e+01
4.990000000000000000e+02,nan,nan
5.000000000000000000e+02,1.568500000000000000e+03,nan
5.010000000000000000e+02,nan,6.400000000000000000e+01
5.020000000000000000e+02,1.519500000000000000e+03,nan
5.030000000000000000e+02,nan,nan
5.040000000000000000e+02,1.506500000000000000e+03,nan
5.050000000000000000e+02,nan,6.300000000000000000e+01
5.060000000000000000e+02,1.499500000000000000e+03,nan
5.070000000000000000e+02,1.525000000000000000e+03,6.400000000000000000e+01
5.080000000000000000e+02,nan,nan
5.090000000000000000e+02,1.557500000000000000e+03,6.600000000000000000e+01
5.100000000000000000e+02,nan,nan
5.110000000000000000e+02,1.579500000000000000e+03,6.700000000000000000e+01
5.120000000000000000e+02,nan,nan
5.130000000000000000e+02,1.598000000000000000e+03,6.800000000000000000e+01
5.140000000000000000e+02,nan,nan
5.150000000000000000e+02,1.673000000000000000e+03,7.100000000000000000e+01
5.160000000000000000e+02,nan,nan
5.170000000000000000e+02,1.815000000000000000e+03,7.600000000000000000e+01
5.180000000000000000e+02,nan,nan
5.190000000000000000e+02,1.951000000000000000e+03,8.200000000000000000e+01
5.200000000000000000e+02,nan,8.900000000000000000e+01
5.210000000000000000e+02,2.096500000000000000e+03,nan
5.220000000000000000e+02,nan,8.700000000000000000e+01
5.230000000000000000e+02,2.030500000000000000e+03,nan
5.240000000000000000e+02,1.643500000000000000e+03,8.800000000000000000e+01
5.250000000000000000e+02,nan,nan
5.260000000000000000e+02,1.702000000000000000e+03,9.100000000000000000e+01
5.270000000000000000e+02,nan,nan
5.280000000000000000e+02,1.729500000000000000e+03,9.300000000000000000e+01
5.290000000000000000e+02,nan,nan
5.300000000000000000e+02,1.752000000000000000e+03,9.400000000000000000e+01
5.310000000000000000e+02,nan,nan
5.320000000000000000e+02,1.783000000000000000e+03,9.600000000000000000e+01
5.330000000000000000e+02,nan,nan
5.340000000000000000e+02,1.789500000000000000e+03,nan
5.350000000000000000e+02,nan,nan
5.360000000000000000e+02,1.800000000000000000e+03,9.700000000000000000e+01
5.370000000000000000e+02,nan,nan
5.380000000000000000e+02,1.805500000000000000e+03,nan
5.390000000000000000e+02,nan,nan
5.400000000000000000e+02,1.806000000000000000e+03,nan
5.410000000000000000e+02,nan,nan
5.420000000000000000e+02,1.803000000000000000e+03,nan
5.430000000000000000e+02,nan,nan
5.440000000000000000e+02,1.798000000000000000e+03,nan
5.450000000000000000e+02,1.787500000000000000e+03,9.600000000000000000e+01
5.460000000000000000e+02,nan,nan
5.470000000000000000e+02,1.778500000000000000e+03,nan
5.480000000000000000e+02,nan,nan
5.490000000000000000e+02,1.776000000000000000e+03,9.500000000000000000e+01
5.500000000000000000e+02,nan,nan
5.510000000000000000e+02,1.769500000000000000e+03,nan
5.520000000000000000e+02,nan,nan
5.530000000000000000e+02,1.769000000000000000e+03,nan
5.540000000000000000e+02,nan,nan
5.550000000000000000e+02,1.775000000000000000e+03,9.600000000000000000e+01
5.560000000000000000e+02,nan,nan
5.570000000000000000e+02,1.803500000000000000e+03,9.700000000000000000e+01
5.580000000000000000e+02,nan,nan
5.590000000000000000e+02,1.803000000000000000e+03,nan
5.600000000000000000e+02,nan,nan
5.610000000000000000e+02,1.808000000000000000e+03,nan
5.620000000000000000e+02,nan,nan
5.630000000000000000e+02,1.798000000000000000e+03,nan
5.640000000000000000e+02,nan,9.600000000000000000e+01
5.650000000000000000e+02,1.780500000000000000e+03,nan
5.660000000000000000e+02,nan,9.500000000000000000e+01
5.670000000000000000e+02,1.770500000000000000e+03,nan
5.680000000000000000e+02,1.750500000000000000e+03,nan
5.690000000000000000e+02,nan,nan
5.700000000000000000e+02,1.763000000000000000e+03,nan
5.710000000000000000e+02,nan,nan
5.720000000000000000e+02,1.787500000000000000e+03,9.600000000000000000e+01
5.730000000000000000e+02,nan,nan
5.740000000000000000e+02,1.798500000000000000e+03,9.700000000000000000e+01
5.750000000000000000e+02,nan,nan
5.760000000000000000e+02,1.798000000000000000e+03,nan
5.770000000000000000e+02,nan,nan
5.780000000000000000e+02,1.796500000000000000e+03,9.600000000000000000e+01
5.790000000000000000e+02,nan,nan
5.800000000000000000e+02,1.796000000000000000e+03,nan
5.810000000000000000e+02,nan,9.700000000000000000e+01
5.820000000000000000e+02,1.806000000000000000e+03,nan
5.830000000000000000e+02,nan,nan
5.840000000000000000e+02,nan,nan
5.850000000000000000e+02,1.805000000000000000e+03,nan
5.860000000000000000e+02,nan,nan
5.870000000000000000e+02,1.811000000000000000e+03,nan
5.880000000000000000e+02,nan,nan
5.890000000000000000e+02,1.813500000000000000e+03,9.800000000000000000e+01
5.900000000000000000e+02,nan,nan
5.910000000000000000e+02,1.818500000000000000e+03,nan
5.920000000000000000e+02,nan,nan
5.930000000000000000e+02,1.825000000000000000e+03,nan
5.940000000000000000e+02,nan,nan
5.950000000000000000e+02,1.823500000000000000e+03,nan
5.960000000000000000e+02,nan,nan
5.970000000000000000e+02,1.819500000000000000e+03,nan
5.980000000000000000e+02,nan,nan
5.990000000000000000e+02,1.818500000000000000e+03,nan
6.000000000000000000e+02,nan,nan
6.010000000000000000e+02,1.817000000000000000e+03,nan
6.020000000000000000e+02,nan,9.700000000000000000e+01
6.030000000000000000e+02,1.813000000000000000e+03,nan
6.040000000000000000e+02,nan,9.600000000000000000e+01
6.050000000000000000e+02,1.787500000000000000e+03,nan
6.060000000000000000e+02,1.743000000000000000e+03,9.400000000000000000e+01
6.070000000000000000e+02,nan,nan
6.080000000000000000e+02,1.876000000000000000e+03,9.100000000000000000e+01
6.090000000000000000e+02,nan,nan
6.100000000000000000e+02,2.092000000000000000e+03,8.900000000000000000e+01
6.110000000000000000e+02,nan,nan
6.120000000000000000e+02,2.033000000000000000e+03,8.600000000000000000e+01
6.130000000000000000e+02,nan,nan
6.140000000000000000e+02,1.578000000000000000e+03,8.500000000000000000e+01
6.150000000000000000e+02,nan,nan
6.160000000000000000e+02,1.590000000000000000e+03,nan
6.170000000000000000e+02,nan,nan
6.180000000000000000e+02,1.629500000000000000e+03,8.700000000000000000e+01
6.190000000000000000e+02,nan,nan
6.200000000000000000e+02,1.668000000000000000e+03,9.000000000000000000e+01
6.210000000000000000e+02,nan,nan
6.220000000000000000e+02,1.691000000000000000e+03,9.100000000000000000e+01
6.230000000000000000e+02,nan,nan
6.240000000000000000e+02,1.697500000000000000e+03,nan
6.250000000000000000e+02,nan,nan
6.260000000000000000e+02,1.694500000000000000e+03,nan
6.270000000000000000e+02,nan,9.000000000000000000e+01
6.280000000000000000e+02,1.677500000000000000e+03,nan
6.290000000000000000e+02,1.673000000000000000e+03,nan
6.300000000000000000e+02,nan,nan
6.310000000000000000e+02,1.665000000000000000e+03,nan
6.320000000000000000e+02,nan,nan
6.330000000000000000e+02,1.638000000000000000e+03,8.800000000000000000e+01
6.340000000000000000e+02,nan,nan
6.350000000000000000e+02,1.616500000000000000e+03,8.700000000000000000e+01
6.360000000000000000e+02,nan,nan
6.370000000000000000e+02,1.603000000000000000e+03,8.600000000000000000e+01
6.380000000000000000e+02,nan,nan
6.390000000000000000e+02,1.612000000000000000e+03,nan
6.400000000000000000e+02,nan,nan
6.410000000000000000e+02,1.619000000000000000e+03,8.700000000000000000e+01
6.420000000000000000e+02,nan,nan
6.430000000000000000e+02,1.625000000000000000e+03,nan
6.440000000000000000e+02,nan,nan
6.450000000000000000e+02,1.630000000000000000e+03,nan
6.460000000000000000e+02,nan,nan
6.470000000000000000e+02,1.615000000000000000e+03,nan
6.480000000000000000e+02,1.595000000000000000e+03,8.600000000000000000e+01
6.490000000000000000e+02,nan,nan
6.500000000000000000e+02,1.589500000000000000e+03,8.500000000000000000e+01
6.510000000000000000e+02,nan,nan
6.520000000000000000e+02,1.578000000000000000e+03,nan
6.530000000000000000e+02,nan,nan
6.540000000000000000e+02,1.584500000000000000e+03,nan
6.550000000000000000e+02,nan,nan
6.560000000000000000e+02,1.599500000000000000e+03,8.600000000000000000e+01
6.570000000000000000e+02,nan,nan
6.580000000000000000e+02,1.616500000000000000e+03,nan
6.590000000000000000e+02,nan,nan
6.600000000000000000e+02,1.622500000000000000e+03,8.700000000000000000e+01
6.610000000000000000e+02,nan,nan
6.620000000000000000e+02,1.634000000000000000e+03,nan
6.630000000000000000e+02,nan,nan
6.640000000000000000e+02,1.656000000000000000e+03,8.900000000000000000e+01
6.650000000000000000e+02,nan,nan
6.660000000000000000e+02,1.667000000000000000e+03,nan
6.670000000000000000e+02,1.657500000000000000e+03,nan
6.680000000000000000e+02,nan,nan
6.690000000000000000e+02,1.646500000000000000e+03,nan
6.700000000000000000e+02,nan,nan
6.710000000000000000e+02,1.634500000000000000e+03,8.800000000000000000e+01
6.720000000000000000e+02,nan,nan
6.730000000000000000e+02,1.617000000000000000e+03,8.700000000000000000e+01
6.740000000000000000e+02,nan,nan
6.750000000000000000e+02,1.630500000000000000e+03,nan
6.760000000000000000e+02,nan,nan
6.770000000000000000e+02,1.652500000000000000e+03,8.800000000000000000e+01
6.780000000000000000e+02,nan,nan
6.790000000000000000e+02,1.663500000000000000e+03,8.900000000000000000e+01
6.800000000000000000e+02,nan,nan
6.810000000000000000e+02,1.667500000000000000e+03,nan
6.820000000000000000e+02,nan,nan
6.830000000000000000e+02,1.661000000000000000e+03,nan
6.840000000000000000e+02,nan,9.000000000000000000e+01
6.850000000000000000e+02,1.665500000000000000e+03,nan
6.860000000000000000e+02,1.647500000000000000e+03,8.900000000000000000e+01
6.870000000000000000e+02,nan,nan
6.880000000000000000e+02,1.627500000000000000e+03,8.800000000000000000e+01
6.890000000000000000e+02,nan,nan
6.900000000000000000e+02,1.619500000000000000e+03,8.700000000000000000e+01
6.910000000000000000e+02,nan,nan
6.920000000000000000e+02,1.613000000000000000e+03,nan
6.930000000000000000e+02,nan,nan
6.940000000000000000e+02,1.610500000000000000e+03,nan
6.950000000000000000e+02,nan,nan
6.960000000000000000e+02,1.611500000000000000e+03,nan
6.970000000000000000e+02,nan,nan
6.980000000000000000e+02,1.611000000000000000e+03,8.600000000000000000e+01
6.990000000000000000e+02,nan,nan
7.000000000000000000e+02,1.613000000000000000e+03,nan
7.010000000000000000e+02,nan,8.700000000000000000e+01
7.020000000000000000e+02,1.611500000000000000e+03,nan
7.030000000000000000e+02,nan,8.600000000000000000e+01
7.040000000000000000e+02,1.610000000000000000e+03,nan
7.050000000000000000e+02,nan,8.700000000000000000e+01
7.060000000000000000e+02,1.607000000000000000e+03,nan
7.070000000000000000e+02,1.611000000000000000e+03,nan
7.080000000000000000e+02,nan,nan
7.090000000000000000e+02,1.634000000000000000e+03,8.800000000000000000e+01
7.100000000000000000e+02,nan,nan
7.110000000000000000e+02,1.645000000000000000e+03,nan
7.120000000000000000e+02,nan,nan
7.130000000000000000e+02,1.646500000000000000e+03,8.900000000000000000e+01
7.140000000000000000e+02,nan,nan
7.150000000000000000e+02,1.610500000000000000e+03,8.700000000000000000e+01
7.160000000000000000e+02,nan,nan
7.170000000000000000e+02,1.904500000000000000e+03,8.100000000000000000e+01
7.180000000000000000e+02,nan,nan
7.190000000000000000e+02,1.856000000000000000e+03,7.900000000000000000e+01
7.200000000000000000e+02,nan,nan
7.210000000000000000e+02,1.852000000000000000e+03,7.800000000000000000e+01
7.220000000000000000e+02,nan,nan
7.230000000000000000e+02,1.479000000000000000e+03,nan
7.240000000000000000e+02,nan,7.900000000000000000e+01
7.250000000000000000e+02,1.463000000000000000e+03,nan
7.260000000000000000e+02,1.474500000000000000e+03,nan
7.270000000000000000e+02,nan,nan
7.280000000000000000e+02,1.489500000000000000e+03,8.000000000000000000e+01
7.290000000000000000e+02,nan,nan
7.300000000000000000e+02,1.475500000000000000e+03,7.900000000000000000e+01
7.310000000000000000e+02,nan,nan
7.320000000000000000e+02,nan,nan
7.330000000000000000e+02,nan,nan
7.340000000000000000e+02,1.472500000000000000e+03,nan
7.350000000000000000e+02,nan,nan
7.360000000000000000e+02,1.456500000000000000e+03,7.800000000000000000e+01
7.370000000000000000e+02,nan,nan
7.380000000000000000e+02,1.437500000000000000e+03,7.700000000000000000e+01
7.390000000000000000e+02,nan,nan
7.400000000000000000e+02,1.452500000000000000e+03,7.800000000000000000e+01
7.410000000000000000e+02,nan,nan
7.420000000000000000e+02,1.448500000000000000e+03,nan
7.430000000000000000e+02,nan,7.600000000000000000e+01
7.440000000000000000e+02,1.413500000000000000e+03,nan
7.450000000000000000e+02,nan,7.400000000000000000e+01
7.460000000000000000e+02,1.526000000000000000e+03,nan
7.470000000000000000e+02,1.439500000000000000e+03,7.300000000000000000e+01
7.480000000000000000e+02,nan,nan
7.490000000000000000e+02,1.384000000000000000e+03,nan
7.500000000000000000e+02,nan,nan
7.510000000000000000e+02,1.465000000000000000e+03,nan
7.520000000000000000e+02,nan,nan
7.530000000000000000e+02,1.385500000000000000e+03,nan
7.540000000000000000e+02,nan,nan
7.550000000000000000e+02,1.487000000000000000e+03,nan
7.560000000000000000e+02,nan,nan
7.570000000000000000e+02,1.425000000000000000e+03,7.400000000000000000e+01
7.580000000000000000e+02,nan,nan
7.590000000000000000e+02,1.491000000000000000e+03,7.600000000000000000e+01
7.600000000000000000e+02,nan,nan
7.610000000000000000e+02,1.484000000000000000e+03,7.900000000000000000e+01
7.620000000000000000e+02,nan,8.300000000000000000e+01
7.630000000000000000e+02,1.553500000000000000e+03,nan
7.640000000000000000e+02,nan,8.500000000000000000e+01
7.650000000000000000e+02,1.572500000000000000e+03,nan
7.660000000000000000e+02,1.578000000000000000e+03,nan
7.670000000000000000e+02,nan,nan
7.680000000000000000e+02,1.574500000000000000e+03,nan
7.690000000000000000e+02,nan,nan
7.700000000000000000e+02,1.570500000000000000e+03,8.400000000000000000e+01
7.710000000000000000e+02,nan,nan
7.720000000000000000e+02,1.531000000000000000e+03,8.300000000000000000e+01
7.730000000000000000e+02,nan,nan
7.740000000000000000e+02,1.507500000000000000e+03,8.100000000000000000e+01
7.750000000000000000e+02,nan,nan
7.760000000000000000e+02,1.480000000000000000e+03,8.000000000000000000e+01
7.770000000000000000e+02,nan,nan
7.780000000000000000e+02,1.451000000000000000e+03,7.800000000000000000e+01
7.790000000000000000e+02,nan,nan
7.800000000000000000e+02,1.461500000000000000e+03,nan
7.810000000000000000e+02,nan,nan
7.820000000000000000e+02,1.458500000000000000e+03,nan
7.830000000000000000e+02,nan,nan
7.840000000000000000e+02,1.472000000000000000e+03,nan
7.850000000000000000e+02,nan,7.900000000000000000e+01
7.860000000000000000e+02,1.476000000000000000e+03,nan
7.870000000000000000e+02,1.517500000000000000e+03,8.100000000000000000e+01
7.880000000000000000e+02,nan,nan
7.890000000000000000e+02,1.533500000000000000e+03,8.200000000000000000e+01
7.900000000000000000e+02,nan,nan
7.910000000000000000e+02,1.537000000000000000e+03,8.300000000000000000e+01
7.920000000000000000e+02,nan,nan
7.930000000000000000e+02,1.539500000000000000e+03,nan
7.940000000000000000e+02,nan,nan
7.950000000000000000e+02,1.563000000000000000e+03,8.400000000000000000e+01
7.960000000000000000e+02,nan,nan
7.970000000000000000e+02,1.575500000000000000e+03,8.500000000000000000e+01
7.980000000000000000e+02,nan,nan
7.990000000000000000e+02,1.577000000000000000e+03,nan
8.000000000000000000e+02,nan,nan
8.010000000000000000e+02,1.572500000000000000e+03,nan
8.020000000000000000e+02,nan,8.400000000000000000e+01
8.030000000000000000e+02,1.559000000000000000e+03,nan
8.040000000000000000e+02,nan,8.300000000000000000e+01
8.050000000000000000e+02,1.545000000000000000e+03,nan
8.060000000000000000e+02,1.532500000000000000e+03,8.200000000000000000e+01
8.070000000000000000e+02,nan,nan
8.080000000000000000e+02,1.501500000000000000e+03,8.100000000000000000e+01
8.090000000000000000e+02,nan,nan
8.100000000000000000e+02,1.512000000000000000e+03,nan
8.110000000000000000e+02,nan,nan
8.120000000000000000e+02,1.521500000000000000e+03,8.200000000000000000e+01
8.130000000000000000e+02,nan,nan
8.140000000000000000e+02,1.537000000000000000e+03,nan
8.150000000000000000e+02,nan,nan
8.160000000000000000e+02,1.547500000000000000e+03,8.300000000000000000e+01
8.170000000000000000e+02,nan,nan
8.180000000000000000e+02,1.523000000000000000e+03,8.200000000000000000e+01
8.190000000000000000e+02,nan,nan
8.200000000000000000e+02,1.504000000000000000e+03,8.100000000000000000e+01
8.210000000000000000e+02,nan,nan
8.220000000000000000e+02,1.500500000000000000e+03,nan
8.230000000000000000e+02,nan,nan
8.240000000000000000e+02,1.506500000000000000e+03,nan
8.250000000000000000e+02,1.508000000000000000e+03,nan
8.260000000000000000e+02,nan,nan
8.270000000000000000e+02,1.487500000000000000e+03,8.000000000000000000e+01
8.280000000000000000e+02,nan,nan
8.290000000000000000e+02,1.473000000000000000e+03,7.900000000000000000e+01
8.300000000000000000e+02,nan,nan
8.310000000000000000e+02,1.465500000000000000e+03,nan
8.320000000000000000e+02,nan,nan
8.330000000000000000e+02,1.460000000000000000e+03,7.800000000000000000e+01
8.340000000000000000e+02,nan,nan
8.350000000000000000e+02,1.444500000000000000e+03,nan
8.360000000000000000e+02,nan,nan
8.370000000000000000e+02,1.431500000000000000e+03,7.700000000000000000e+01
8.380000000000000000e+02,nan,nan
8.390000000000000000e+02,1.419500000000000000e+03,7.600000000000000000e+01
8.400000000000000000e+02,nan,7.700000000000000000e+01
8.410000000000000000e+02,1.602500000000000000e+03,nan
8.420000000000000000e+02,nan,7.900000000000000000e+01
8.430000000000000000e+02,1.465000000000000000e+03,nan
8.440000000000000000e+02,1.498000000000000000e+03,8.000000000000000000e+01
8.450000000000000000e+02,nan,nan
8.460000000000000000e+02,1.507500000000000000e+03,8.100000000000000000e+01
8.470000000000000000e+02,nan,nan
8.480000000000000000e+02,1.506000000000000000e+03,nan
8.490000000000000000e+02,nan,nan
8.500000000000000000e+02,1.541000000000000000e+03,8.300000000000000000e+01
8.510000000000000000e+02,nan,nan
8.520000000000000000e+02,1.585500000000000000e+03,8.600000000000000000e+01
8.530000000000000000e+02,nan,nan
8.540000000000000000e+02,1.639000000000000000e+03,8.800000000000000000e+01
8.550000000000000000e+02,nan,nan
8.560000000000000000e+02,1.642500000000000000e+03,8.900000000000000000e+01
8.570000000000000000e+02,nan,nan
8.580000000000000000e+02,1.652000000000000000e+03,nan
8.590000000000000000e+02,nan,nan
8.600000000000000000e+02,1.659000000000000000e+03,nan
8.610000000000000000e+02,nan,nan
8.620000000000000000e+02,1.647000000000000000e+03,nan
8.630000000000000000e+02,1.632500000000000000e+03,8.800000000000000000e+01
8.640000000000000000e+02,nan,nan
8.650000000000000000e+02,nan,8.700000000000000000e+01
8.660000000000000000e+02,1.618500000000000000e+03,nan
8.670000000000000000e+02,1.608000000000000000e+03,8.600000000000000000e+01
8.680000000000000000e+02,nan,nan
8.690000000000000000e+02,1.594000000000000000e+03,nan
8.700000000000000000e+02,nan,nan
8.710000000000000000e+02,1.582500000000000000e+03,8.500000000000000000e+01
8.720000000000000000e+02,nan,nan
8.730000000000000000e+02,1.571500000000000000e+03,nan
8.740000000000000000e+02,nan,nan
8.750000000000000000e+02,1.973000000000000000e+03,8.400000000000000000e+01
8.760000000000000000e+02,nan,nan
8.770000000000000000e+02,1.957500000000000000e+03,8.300000000000000000e+01
8.780000000000000000e+02,nan,nan
8.790000000000000000e+02,1.929500000000000000e+03,8.200000000000000000e+01
8.800000000000000000e+02,nan,8.000000000000000000e+01
8.810000000000000000e+02,1.892000000000000000e+03,nan
8.820000000000000000e+02,nan,7.800000000000000000e+01
8.830000000000000000e+02,1.852500000000000000e+03,nan
8.840000000000000000e+02,1.487000000000000000e+03,nan
8.850000000000000000e+02,nan,nan
8.860000000000000000e+02,1.406000000000000000e+03,7.600000000000000000e+01
8.870000000000000000e+02,nan,nan
8.880000000000000000e+02,1.501500000000000000e+03,7.400000000000000000e+01
8.890000000000000000e+02,nan,nan
8.900000000000000000e+02,1.520500000000000000e+03,7.200000000000000000e+01
8.910000000000000000e+02,nan,nan
8.920000000000000000e+02,1.532000000000000000e+03,7.100000000000000000e+01
8.930000000000000000e+02,nan,nan
8.940000000000000000e+02,1.286500000000000000e+03,6.900000000000000000e+01
8.950000000000000000e+02,nan,nan
8.960000000000000000e+02,1.268000000000000000e+03,6.700000000000000000e+01
8.970000000000000000e+02,nan,nan
8.980000000000000000e+02,1.660500000000000000e+03,6.500000000000000000e+01
8.990000000000000000e+02,nan,nan
9.000000000000000000e+02,1.533500000000000000e+03,nan
9.010000000000000000e+02,nan,nan
9.020000000000000000e+02,1.553500000000000000e+03,nan
9.030000000000000000e+02,1.563500000000000000e+03,6.600000000000000000e+01
9.040000000000000000e+02,nan,nan
9.050000000000000000e+02,1.570500000000000000e+03,nan
9.060000000000000000e+02,nan,nan
9.070000000000000000e+02,1.547000000000000000e+03,6.500000000000000000e+01
9.080000000000000000e+02,nan,nan
9.090000000000000000e+02,1.531000000000000000e+03,nan
9.100000000000000000e+02,nan,nan
9.110000000000000000e+02,1.539000000000000000e+03,nan
9.120000000000000000e+02,nan,nan
9.130000000000000000e+02,1.542000000000000000e+03,nan
9.140000000000000000e+02,nan,nan
9.150000000000000000e+02,1.590000000000000000e+03,6.700000000000000000e+01
9.160000000000000000e+02,nan,nan
9.170000000000000000e+02,1.632500000000000000e+03,6.900000000000000000e+01
9.180000000000000000e+02,nan,nan
9.190000000000000000e+02,1.686500000000000000e+03,7.100000000000000000e+01
9.200000000000000000e+02,nan,nan
9.210000000000000000e+02,1.738500000000000000e+03,7.300000000000000000e+01
9.220000000000000000e+02,nan,7.700000000000000000e+01
9.230000000000000000e+02,1.815000000000000000e+03,nan
9.240000000000000000e+02,nan,nan
9.250000000000000000e+02,1.483500000000000000e+03,nan
9.260000000000000000e+02,nan,nan
9.270000000000000000e+02,1.428500000000000000e+03,nan
9.280000000000000000e+02,1.429000000000000000e+03,nan
9.290000000000000000e+02,nan,nan
9.300000000000000000e+02,1.432000000000000000e+03,nan
9.310000000000000000e+02,nan,nan
9.320000000000000000e+02,1.409500000000000000e+03,7.600000000000000000e+01
9.330000000000000000e+02,nan,nan
9.340000000000000000e+02,1.360500000000000000e+03,7.300000000000000000e+01
9.350000000000000000e+02,nan,nan
9.360000000000000000e+02,1.408000000000000000e+03,nan
9.370000000000000000e+02,nan,nan
9.380000000000000000e+02,1.307000000000000000e+03,7.100000000000000000e+01
9.390000000000000000e+02,nan,nan
9.400000000000000000e+02,1.283500000000000000e+03,6.900000000000000000e+01
9.410000000000000000e+02,nan,nan
9.420000000000000000e+02,1.292500000000000000e+03,6.700000000000000000e+01
9.430000000000000000e+02,nan,6.500000000000000000e+01
9.440000000000000000e+02,1.221500000000000000e+03,nan
9.450000000000000000e+02,nan,6.400000000000000000e+01
9.460000000000000000e+02,1.752000000000000000e+03,nan
9.470000000000000000e+02,1.557000000000000000e+03,6.600000000000000000e+01
9.480000000000000000e+02,nan,nan
9.490000000000000000e+02,1.572000000000000000e+03,6.700000000000000000e+01
9.500000000000000000e+02,nan,nan
9.510000000000000000e+02,1.596500000000000000e+03,nan
9.520000000000000000e+02,nan,nan
9.530000000000000000e+02,1.604500000000000000e+03,6.800000000000000000e+01
9.540000000000000000e+02,nan,nan
9.550000000000000000e+02,1.592000000000000000e+03,nan
9.560000000000000000e+02,nan,nan
9.570000000000000000e+02,1.572500000000000000e+03,6.600000000000000000e+01
9.580000000000000000e+02,nan,nan
9.590000000000000000e+02,1.540500000000000000e+03,6.500000000000000000e+01
9.600000000000000000e+02,nan,nan
9.610000000000000000e+02,1.518000000000000000e+03,6.400000000000000000e+01
9.620000000000000000e+02,nan,6.300000000000000000e+01
9.630000000000000000e+02,1.496500000000000000e+03,nan
9.640000000000000000e+02,nan,6.400000000000000000e+01
9.650000000000000000e+02,1.506500000000000000e+03,nan
9.660000000000000000e+02,1.508000000000000000e+03,nan
9.670000000000000000e+02,nan,nan
9.680000000000000000e+02,1.505500000000000000e+03,nan
9.690000000000000000e+02,nan,nan
9.700000000000000000e+02,1.537500000000000000e+03,6.500000000000000000e+01
9.710000000000000000e+02,nan,nan
9.720000000000000000e+02,1.573000000000000000e+03,6.700000000000000000e+01
9.730000000000000000e+02,nan,nan
9.740000000000000000e+02,1.581500000000000000e+03,nan
9.750000000000000000e+02,nan,nan
9.760000000000000000e+02,1.593000000000000000e+03,nan
9.770000000000000000e+02,nan,nan
9.780000000000000000e+02,1.602000000000000000e+03,6.800000000000000000e+01
9.790000000000000000e+02,nan,nan
9.800000000000000000e+02,1.604000000000000000e+03,nan
9.810000000000000000e+02,nan,6.700000000000000000e+01
9.820000000000000000e+02,1.578500000000000000e+03,nan
9.830000000000000000e+02,1.533000000000000000e+03,6.500000000000000000e+01
9.840000000000000000e+02,nan,nan
9.850000000000000000e+02,nan,6.400000000000000000e+01
9.860000000000000000e+02,1.515500000000000000e+03,nan
9.870000000000000000e+02,1.527000000000000000e+03,6.500000000000000000e+01
9.880000000000000000e+02,nan,nan
9.890000000000000000e+02,1.507000000000000000e+03,6.400000000000000000e+01
9.900000000000000000e+02,nan,nan
9.910000000000000000e+02,1.489000000000000000e+03,6.300000000000000000e+01
9.920000000000000000e+02,nan,nan
9.930000000000000000e+02,1.492500000000000000e+03,nan
9.940000000000000000e+02,nan,nan
9.950000000000000000e+02,1.486500000000000000e+03,nan
9.960000000000000000e+02,nan,nan
9.970000000000000000e+02,1.489500000000000000e+03,nan
9.980000000000000000e+02,nan,nan
9.990000000000000000e+02,1.456000000000000000e+03,6.200000000000000000e+01
1.000000000000000000e+03,nan,nan
1.001000000000000000e+03,1.424000000000000000e+03,6.100000000000000000e+01
1.002000000000000000e+03,nan,nan
1.003000000000000000e+03,1.393500000000000000e+03,5.900000000000000000e+01
1.004000000000000000e+03,nan,5.800000000000000000e+01
1.005000000000000000e+03,1.475500000000000000e+03,nan
1.006000000000000000e+03,1.352500000000000000e+03,5.700000000000000000e+01
1.007000000000000000e+03,nan,nan
1.008000000000000000e+03,1.768500000000000000e+03,5.500000000000000000e+01
1.009000000000000000e+03,nan,nan
1.010000000000000000e+03,1.708500000000000000e+03,5.300000000000000000e+01
1.011000000000000000e+03,nan,nan
1.012000000000000000e+03,2.114500000000000000e+03,5.100000000000000000e+01
1.013000000000000000e+03,nan,nan
1.014000000000000000e+03,2.051000000000000000e+03,4.800000000000000000e+01
1.015000000000000000e+03,nan,nan
1.016000000000000000e+03,1.980500000000000000e+03,4.600000000000000000e+01
1.017000000000000000e+03,nan,nan
1.018000000000000000e+03,1.900000000000000000e+03,4.400000000000000000e+01
1.019000000000000000e+03,nan,nan
1.020000000000000000e+03,1.685000000000000000e+03,3.900000000000000000e+01
1.021000000000000000e+03,nan,nan
1.022000000000000000e+03,1.214000000000000000e+03,2.900000000000000000e+01
1.023000000000000000e+03,nan,nan
1.024000000000000000e+03,1.102500000000000000e+03,1.600000000000000000e+01
1.025000000000000000e+03,nan,9.000000000000000000e+00
1.026000000000000000e+03,7.385000000000000000e+02,nan
1.027000000000000000e+03,nan,1.300000000000000000e+01
1.028000000000000000e+03,1.777500000000000000e+03,nan
1.029000000000000000e+03,1.742500000000000000e+03,2.300000000000000000e+01
1.030000000000000000e+03,nan,nan
1.031000000000000000e+03,2.057000000000000000e+03,2.900000000000000000e+01
1.032000000000000000e+03,nan,nan
1.033000000000000000e+03,1.224500000000000000e+03,nan
1.034000000000000000e+03,nan,nan
1.035000000000000000e+03,1.131500000000000000e+03,2.600000000000000000e+01
1.036000000000000000e+03,nan,nan
1.037000000000000000e+03,8.895000000000000000e+02,2.100000000000000000e+01
1.038000000000000000e+03,nan,nan
1.039000000000000000e+03,7.415000000000000000e+02,5.000000000000000000e+00
1.040000000000000000e+03,nan,nan
1.041000000000000000e+03,3.480000000000000000e+02,0.000000000000000000e+00
1.042000000000000000e+03,nan,nan
1.043000000000000000e+03,0.000000000000000000e+00,nan
1.044000000000000000e+03,nan,nan
1.045000000000000000e+03,7.500000000000000000e+02,1.000000000000000000e+00
1.046000000000000000e+03,nan,nan
1.047000000000000000e+03,4.065000000000000000e+02,0.000000000000000000e+00
1.048000000000000000e+03,nan,nan
1.049000000000000000e+03,1.799000000000000000e+03,1.300000000000000000e+01
1.050000000000000000e+03,nan,2.300000000000000000e+01
1.051000000000000000e+03,1.759000000000000000e+03,nan
1.052000000000000000e+03,nan,3.300000000000000000e+01
1.053000000000000000e+03,1.565500000000000000e+03,nan
1.054000000000000000e+03,1.792500000000000000e+03,4.100000000000000000e+01
1.055000000000000000e+03,nan,nan
1.056000000000000000e+03,1.596500000000000000e+03,4.600000000000000000e+01
1.057000000000000000e+03,nan,nan
1.058000000000000000e+03,1.580000000000000000e+03,4.900000000000000000e+01
1.059000000000000000e+03,nan,nan
1.060000000000000000e+03,1.609000000000000000e+03,5.000000000000000000e+01
1.061000000000000000e+03,nan,nan
1.062000000000000000e+03,1.633500000000000000e+03,5.100000000000000000e+01
1.063000000000000000e+03,nan,nan
1.064000000000000000e+03,1.605000000000000000e+03,5.000000000000000000e+01
1.065000000000000000e+03,nan,nan
1.066000000000000000e+03,1.578000000000000000e+03,4.900000000000000000e+01
1.067000000000000000e+03,nan,4.800000000000000000e+01
1.068000000000000000e+03,1.546500000000000000e+03,nan
1.069000000000000000e+03,nan,4.700000000000000000e+01
1.070000000000000000e+03,1.507000000000000000e+03,nan
1.071000000000000000e+03,1.492500000000000000e+03,4.500000000000000000e+01
1.072000000000000000e+03,nan,nan
1.073000000000000000e+03,1.471000000000000000e+03,4.600000000000000000e+01
1.074000000000000000e+03,nan,nan
1.075000000000000000e+03,1.462000000000000000e+03,4.500000000000000000e+01
1.076000000000000000e+03,nan,nan
1.077000000000000000e+03,1.507500000000000000e+03,4.600000000000000000e+01
1.078000000000000000e+03,nan,nan
1.079000000000000000e+03,1.542000000000000000e+03,4.800000000000000000e+01
1.080000000000000000e+03,nan,nan
1.081000000000000000e+03,1.516000000000000000e+03,4.700000000000000000e+01
1.082000000000000000e+03,nan,nan
1.083000000000000000e+03,1.898000000000000000e+03,4.400000000000000000e+01
1.084000000000000000e+03,nan,nan
1.085000000000000000e+03,2.269500000000000000e+03,3.500000000000000000e+01
1.086000000000000000e+03,nan,nan
1.087000000000000000e+03,1.734000000000000000e+03,2.600000000000000000e+01
1.088000000000000000e+03,nan,nan
1.089000000000000000e+03,1.987000000000000000e+03,2.700000000000000000e+01
1.090000000000000000e+03,nan,2.900000000000000000e+01
1.091000000000000000e+03,1.365500000000000000e+03,nan
1.092000000000000000e+03,nan,nan
1.093000000000000000e+03,1.288500000000000000e+03,nan
1.094000000000000000e+03,1.367000000000000000e+03,3.100000000000000000e+01
1.095000000000000000e+03,nan,nan
1.096000000000000000e+03,1.402000000000000000e+03,3.200000000000000000e+01
1.097000000000000000e+03,nan,nan
1.098000000000000000e+03,1.340500000000000000e+03,3.100000000000000000e+01
1.099000000000000000e+03,nan,nan
1.100000000000000000e+03,1.211000000000000000e+03,2.800000000000000000e+01
1.101000000000000000e+03,nan,nan
1.102000000000000000e+03,1.081500000000000000e+03,2.500000000000000000e+01
1.103000000000000000e+03,nan,nan
1.104000000000000000e+03,1.250000000000000000e+03,1.900000000000000000e+01
1.105000000000000000e+03,nan,nan
1.106000000000000000e+03,7.795000000000000000e+02,1.200000000000000000e+01
1.107000000000000000e+03,nan,nan
1.108000000000000000e+03,7.340000000000000000e+02,3.000000000000000000e+00
1.109000000000000000e+03,nan,nan
1.110000000000000000e+03,7.405000000000000000e+02,0.000000000000000000e+00
1.111000000000000000e+03,nan,nan
1.112000000000000000e+03,0.000000000000000000e+00,nan
1.113000000000000000e+03,nan,nan
1.114000000000000000e+03,nan,nan
1.115000000000000000e+03,nan,nan
1.116000000000000000e+03,nan,nan
1.117000000000000000e+03,nan,nan
1.118000000000000000e+03,nan,nan
1.119000000000000000e+03,nan,nan
1.120000000000000000e+03,nan,nan
1.121000000000000000e+03,nan,nan
1.122000000000000000e+03,nan,nan
1.123000000000000000e+03,nan,nan
1.124000000000000000e+03,nan,nan
1.125000000000000000e+03,1.191000000000000000e+03,1.000000000000000000e+00
1.126000000000000000e+03,nan,nan
1.127000000000000000e+03,1.574500000000000000e+03,1.000000000000000000e+01
1.128000000000000000e+03,nan,nan
1.129000000000000000e+03,2.105500000000000000e+03,1.600000000000000000e+01
1.130000000000000000e+03,nan,1.900000000000000000e+01
1.131000000000000000e+03,2.390500000000000000e+03,nan
1.132000000000000000e+03,nan,2.200000000000000000e+01
1.133000000000000000e+03,2.615000000000000000e+03,nan
1.134000000000000000e+03,nan,2.500000000000000000e+01
1.135000000000000000e+03,3.045500000000000000e+03,nan
1.136000000000000000e+03,nan,2.900000000000000000e+01
1.137000000000000000e+03,1.646500000000000000e+03,nan
1.138000000000000000e+03,1.466500000000000000e+03,3.300000000000000000e+01
1.139000000000000000e+03,nan,nan
1.140000000000000000e+03,1.609000000000000000e+03,3.700000000000000000e+01
1.141000000000000000e+03,nan,nan
1.142000000000000000e+03,1.643500000000000000e+03,3.800000000000000000e+01
1.143000000000000000e+03,nan,nan
1.144000000000000000e+03,1.667500000000000000e+03,nan
1.145000000000000000e+03,nan,nan
1.146000000000000000e+03,1.637500000000000000e+03,nan
1.147000000000000000e+03,nan,nan
1.148000000000000000e+03,1.624000000000000000e+03,3.700000000000000000e+01
1.149000000000000000e+03,nan,nan
1.150000000000000000e+03,1.524500000000000000e+03,3.500000000000000000e+01
1.151000000000000000e+03,nan,nan
1.152000000000000000e+03,1.277500000000000000e+03,3.000000000000000000e+01
1.153000000000000000e+03,nan,2.100000000000000000e+01
1.154000000000000000e+03,8.355000000000000000e+02,nan
1.155000000000000000e+03,nan,1.800000000000000000e+01
1.156000000000000000e+03,8.210000000000000000e+02,nan
1.157000000000000000e+03,7.590000000000000000e+02,1.500000000000000000e+01
1.158000000000000000e+03,nan,nan
1.159000000000000000e+03,7.425000000000000000e+02,1.100000000000000000e+01
1.160000000000000000e+03,nan,nan
1.161000000000000000e+03,7.215000000000000000e+02,5.000000000000000000e+00
1.162000000000000000e+03,nan,nan
1.163000000000000000e+03,7.510000000000000000e+02,3.000000000000000000e+00
1.164000000000000000e+03,nan,nan
1.165000000000000000e+03,7.555000000000000000e+02,0.000000000000000000e+00
1.166000000000000000e+03,nan,nan
1.167000000000000000e+03,7.635000000000000000e+02,2.000000000000000000e+00
1.168000000000000000e+03,nan,nan
1.169000000000000000e+03,7.800000000000000000e+02,7.000000000000000000e+00
1.170000000000000000e+03,nan,nan
1.171000000000000000e+03,7.620000000000000000e+02,1.300000000000000000e+01
1.172000000000000000e+03,nan,nan
1.173000000000000000e+03,7.405000000000000000e+02,1.000000000000000000e+01
1.174000000000000000e+03,nan,nan
1.175000000000000000e+03,7.700000000000000000e+02,nan
1.176000000000000000e+03,nan,nan
1.177000000000000000e+03,1.144000000000000000e+03,1.300000000000000000e+01
1.178000000000000000e+03,nan,nan
1.179000000000000000e+03,1.202500000000000000e+03,1.500000000000000000e+01
1.180000000000000000e+03,nan,nan
1.181000000000000000e+03,1.071000000000000000e+03,nan
1.182000000000000000e+03,7.685000000000000000e+02,1.300000000000000000e+01
1.183000000000000000e+03,nan,nan
1.184000000000000000e+03,7.645000000000000000e+02,nan
1.185000000000000000e+03,nan,nan
1.186000000000000000e+03,7.550000000000000000e+02,1.500000000000000000e+01
1.187000000000000000e+03,nan,nan
1.188000000000000000e+03,7.505000000000000000e+02,nan
1.189000000000000000e+03,nan,nan
1.190000000000000000e+03,7.580000000000000000e+02,nan
1.191000000000000000e+03,nan,nan
1.192000000000000000e+03,7.520000000000000000e+02,1.600000000000000000e+01
1.193000000000000000e+03,nan,nan
1.194000000000000000e+03,1.208000000000000000e+03,nan
1.195000000000000000e+03,nan,nan
1.196000000000000000e+03,1.250000000000000000e+03,nan
1.197000000000000000e+03,nan,nan
1.198000000000000000e+03,1.367000000000000000e+03,1.800000000000000000e+01
1.199000000000000000e+03,nan,nan
1.200000000000000000e+03,1.432500000000000000e+03,1.900000000000000000e+01
1.201000000000000000e+03,nan,2.000000000000000000e+01
1.202000000000000000e+03,1.368500000000000000e+03,nan
1.203000000000000000e+03,nan,1.800000000000000000e+01
1.204000000000000000e+03,1.166500000000000000e+03,nan
1.205000000000000000e+03,7.805000000000000000e+02,1.300000000000000000e+01
1.206000000000000000e+03,nan,nan
1.207000000000000000e+03,7.230000000000000000e+02,8.000000000000000000e+00
1.208000000000000000e+03,nan,nan
1.209000000000000000e+03,7.340000000000000000e+02,6.000000000000000000e+00
1.210000000000000000e+03,nan,nan
1.211000000000000000e+03,7.715000000000000000e+02,1.000000000000000000e+00
1.212000000000000000e+03,nan,nan
1.213000000000000000e+03,1.670000000000000000e+02,0.000000000000000000e+00
1.214000000000000000e+03,nan,nan
1.215000000000000000e+03,7.530000000000000000e+02,nan
1.216000000000000000e+03,nan,nan
1.217000000000000000e+03,7.525000000000000000e+02,nan
1.218000000000000000e+03,nan,nan
1.219000000000000000e+03,1.025500000000000000e+03,nan
1.220000000000000000e+03,nan,nan
1.221000000000000000e+03,7.210000000000000000e+02,nan
1.222000000000000000e+03,nan,nan
1.223000000000000000e+03,7.615000000000000000e+02,nan
1.224000000000000000e+03,7.540000000000000000e+02,nan
1.225000000000000000e+03,nan,nan
1.226000000000000000e+03,7.640000000000000000e+02,nan
1.227000000000000000e+03,nan,nan
1.228000000000000000e+03,7.570000000000000000e+02,nan
1.229000000000000000e+03,nan,nan
1.230000000000000000e+03,7.490000000000000000e+02,nan
1.231000000000000000e+03,nan,nan
1.232000000000000000e+03,7.455000000000000000e+02,nan
1.233000000000000000e+03,nan,nan
